-- phpMyAdmin SQL Dump
-- version 4.8.3
-- https://www.phpmyadmin.net/
--
-- Host: 127.0.0.1
-- Generation Time: Jun 24, 2019 at 05:11 PM
-- Server version: 10.1.36-MariaDB
-- PHP Version: 7.2.11

SET SQL_MODE = "NO_AUTO_VALUE_ON_ZERO";
SET AUTOCOMMIT = 0;
START TRANSACTION;
SET time_zone = "+00:00";


/*!40101 SET @OLD_CHARACTER_SET_CLIENT=@@CHARACTER_SET_CLIENT */;
/*!40101 SET @OLD_CHARACTER_SET_RESULTS=@@CHARACTER_SET_RESULTS */;
/*!40101 SET @OLD_COLLATION_CONNECTION=@@COLLATION_CONNECTION */;
/*!40101 SET NAMES utf8mb4 */;

--
-- Database: `librar20_lms`
--
CREATE DATABASE IF NOT EXISTS `librar20_lms` DEFAULT CHARACTER SET latin1 COLLATE latin1_swedish_ci;
USE `librar20_lms`;

-- --------------------------------------------------------

--
-- Table structure for table `authorbooktbl`
--

DROP TABLE IF EXISTS `authorbooktbl`;
CREATE TABLE `authorbooktbl` (
  `authorbook_id` int(11) NOT NULL,
  `author_id` int(11) NOT NULL,
  `book_id` int(11) NOT NULL,
  `status` int(11) NOT NULL DEFAULT '1'
) ENGINE=InnoDB DEFAULT CHARSET=latin1;

--
-- Truncate table before insert `authorbooktbl`
--

TRUNCATE TABLE `authorbooktbl`;
--
-- Dumping data for table `authorbooktbl`
--

INSERT INTO `authorbooktbl` (`authorbook_id`, `author_id`, `book_id`, `status`) VALUES
(1, 96, 1, 1),
(2, 38, 1, 1),
(3, 6, 2, 1),
(4, 15, 2, 1),
(5, 179, 3, 1),
(6, 13, 3, 1),
(7, 94, 4, 1),
(8, 130, 4, 1),
(9, 105, 5, 1),
(10, 195, 5, 1),
(11, 119, 6, 1),
(12, 16, 6, 1),
(13, 34, 7, 1),
(14, 88, 7, 1),
(15, 179, 8, 1),
(16, 9, 8, 1),
(17, 36, 9, 1),
(18, 91, 9, 1),
(19, 27, 10, 1),
(20, 84, 10, 1),
(21, 19, 11, 1),
(22, 189, 11, 1),
(23, 141, 12, 1),
(24, 53, 12, 1),
(25, 25, 13, 1),
(26, 151, 13, 1),
(27, 59, 14, 1),
(28, 64, 14, 1),
(29, 9, 15, 1),
(30, 9, 15, 1),
(31, 114, 16, 1),
(32, 29, 16, 1),
(33, 182, 17, 1),
(34, 9, 17, 1),
(35, 175, 18, 1),
(36, 76, 18, 1),
(37, 97, 19, 1),
(38, 43, 19, 1),
(39, 51, 20, 1),
(40, 115, 20, 1),
(41, 46, 21, 1),
(42, 182, 21, 1),
(43, 184, 22, 1),
(44, 124, 22, 1),
(45, 92, 23, 1),
(46, 54, 23, 1),
(47, 121, 24, 1),
(48, 39, 24, 1),
(49, 34, 25, 1),
(50, 114, 25, 1),
(51, 66, 26, 1),
(52, 160, 26, 1),
(53, 199, 27, 1),
(54, 179, 27, 1),
(55, 43, 28, 1),
(56, 180, 28, 1),
(57, 109, 29, 1),
(58, 164, 29, 1),
(59, 83, 30, 1),
(60, 119, 30, 1),
(61, 132, 31, 1),
(62, 200, 31, 1),
(63, 46, 32, 1),
(64, 97, 32, 1),
(65, 91, 33, 1),
(66, 182, 33, 1),
(67, 198, 34, 1),
(68, 71, 34, 1),
(69, 136, 35, 1),
(70, 43, 35, 1),
(71, 65, 36, 1),
(72, 105, 36, 1),
(73, 157, 37, 1),
(74, 42, 37, 1),
(75, 192, 38, 1),
(76, 5, 38, 1),
(77, 141, 39, 1),
(78, 37, 39, 1),
(79, 18, 40, 1),
(80, 74, 40, 1),
(81, 86, 41, 1),
(82, 174, 41, 1),
(83, 106, 42, 1),
(84, 147, 42, 1),
(85, 184, 43, 1),
(86, 22, 43, 1),
(87, 64, 44, 1),
(88, 120, 44, 1),
(89, 78, 45, 1),
(90, 158, 45, 1),
(91, 96, 46, 1),
(92, 20, 46, 1),
(93, 65, 47, 1),
(94, 153, 47, 1),
(95, 48, 48, 1),
(96, 33, 48, 1),
(97, 61, 49, 1),
(98, 165, 49, 1),
(99, 153, 50, 1),
(100, 138, 50, 1),
(101, 21, 51, 1),
(102, 98, 51, 1),
(103, 105, 52, 1),
(104, 192, 52, 1),
(105, 71, 53, 1),
(106, 46, 53, 1),
(107, 102, 54, 1),
(108, 170, 54, 1),
(109, 156, 55, 1),
(110, 149, 55, 1),
(111, 56, 56, 1),
(112, 31, 56, 1),
(113, 112, 57, 1),
(114, 106, 57, 1),
(115, 45, 58, 1),
(116, 68, 58, 1),
(117, 104, 59, 1),
(118, 83, 59, 1),
(119, 93, 60, 1),
(120, 44, 60, 1),
(121, 134, 61, 1),
(122, 150, 61, 1),
(123, 7, 62, 1),
(124, 169, 62, 1),
(125, 85, 63, 1),
(126, 113, 63, 1),
(127, 80, 64, 1),
(128, 54, 64, 1),
(129, 138, 65, 1),
(130, 35, 65, 1),
(131, 95, 66, 1),
(132, 5, 66, 1),
(133, 187, 67, 1),
(134, 112, 67, 1),
(135, 137, 68, 1),
(136, 50, 68, 1),
(137, 154, 69, 1),
(138, 186, 69, 1),
(139, 172, 70, 1),
(140, 8, 70, 1),
(141, 144, 71, 1),
(142, 144, 71, 1),
(143, 124, 72, 1),
(144, 29, 72, 1),
(145, 28, 73, 1),
(146, 174, 73, 1),
(147, 180, 74, 1),
(148, 104, 74, 1),
(149, 195, 75, 1),
(150, 29, 75, 1),
(151, 87, 76, 1),
(152, 80, 76, 1),
(153, 161, 77, 1),
(154, 140, 77, 1),
(155, 169, 78, 1),
(156, 31, 78, 1),
(157, 12, 79, 1),
(158, 82, 79, 1),
(159, 162, 80, 1),
(160, 106, 80, 1),
(161, 103, 81, 1),
(162, 113, 81, 1),
(163, 125, 82, 1),
(164, 168, 82, 1),
(165, 50, 83, 1),
(166, 160, 83, 1),
(167, 157, 84, 1),
(168, 120, 84, 1),
(169, 7, 85, 1),
(170, 49, 85, 1),
(171, 112, 86, 1),
(172, 69, 86, 1),
(173, 76, 87, 1),
(174, 165, 87, 1),
(175, 18, 88, 1),
(176, 27, 88, 1),
(177, 128, 89, 1),
(178, 143, 89, 1),
(179, 102, 90, 1),
(180, 199, 90, 1),
(181, 175, 91, 1),
(182, 31, 91, 1),
(183, 1, 92, 1),
(184, 20, 92, 1),
(185, 196, 93, 1),
(186, 56, 93, 1),
(187, 114, 94, 1),
(188, 141, 94, 1),
(189, 40, 95, 1),
(190, 199, 95, 1),
(191, 48, 96, 1),
(192, 176, 96, 1),
(193, 91, 97, 1),
(194, 168, 97, 1),
(195, 172, 98, 1),
(196, 105, 98, 1),
(197, 75, 99, 1),
(198, 195, 99, 1),
(199, 195, 100, 1),
(200, 163, 100, 1),
(201, 193, 101, 1),
(202, 131, 101, 1),
(203, 82, 102, 1),
(204, 99, 102, 1),
(205, 33, 103, 1),
(206, 129, 103, 1),
(207, 18, 104, 1),
(208, 85, 104, 1),
(209, 101, 105, 1),
(210, 118, 105, 1),
(211, 194, 106, 1),
(212, 77, 106, 1),
(213, 32, 107, 1),
(214, 63, 107, 1),
(215, 87, 108, 1),
(216, 12, 108, 1),
(217, 113, 109, 1),
(218, 167, 109, 1),
(219, 50, 110, 1),
(220, 27, 110, 1),
(221, 147, 111, 1),
(222, 139, 111, 1),
(223, 102, 112, 1),
(224, 82, 112, 1),
(225, 68, 113, 1),
(226, 66, 113, 1),
(227, 43, 114, 1),
(228, 101, 114, 1),
(229, 79, 115, 1),
(230, 82, 115, 1),
(231, 53, 116, 1),
(232, 178, 116, 1),
(233, 60, 117, 1),
(234, 192, 117, 1),
(235, 40, 118, 1),
(236, 105, 118, 1),
(237, 50, 119, 1),
(238, 16, 119, 1),
(239, 77, 120, 1),
(240, 94, 120, 1),
(241, 180, 121, 1),
(242, 22, 121, 1),
(243, 43, 122, 1),
(244, 10, 122, 1),
(245, 152, 123, 1),
(246, 152, 123, 1),
(247, 58, 124, 1),
(248, 96, 124, 1),
(249, 18, 125, 1),
(250, 141, 125, 1),
(251, 174, 126, 1),
(252, 134, 126, 1),
(253, 121, 127, 1),
(254, 162, 127, 1),
(255, 3, 128, 1),
(256, 67, 128, 1),
(257, 24, 129, 1),
(258, 124, 129, 1),
(259, 77, 130, 1),
(260, 131, 130, 1),
(261, 7, 131, 1),
(262, 123, 131, 1),
(263, 94, 132, 1),
(264, 43, 132, 1),
(265, 58, 133, 1),
(266, 52, 133, 1),
(267, 172, 134, 1),
(268, 18, 134, 1),
(269, 110, 135, 1),
(270, 103, 135, 1),
(271, 176, 136, 1),
(272, 188, 136, 1),
(273, 60, 137, 1),
(274, 106, 137, 1),
(275, 20, 138, 1),
(276, 106, 138, 1),
(277, 149, 139, 1),
(278, 21, 139, 1),
(279, 42, 140, 1),
(280, 159, 140, 1),
(281, 130, 141, 1),
(282, 94, 141, 1),
(283, 198, 142, 1),
(284, 157, 142, 1),
(285, 148, 143, 1),
(286, 196, 143, 1),
(287, 38, 144, 1),
(288, 110, 144, 1),
(289, 131, 145, 1),
(290, 117, 145, 1),
(291, 139, 146, 1),
(292, 176, 146, 1),
(293, 103, 147, 1),
(294, 10, 147, 1),
(295, 58, 148, 1),
(296, 3, 148, 1),
(297, 110, 149, 1),
(298, 14, 149, 1),
(299, 117, 150, 1),
(300, 118, 150, 1),
(301, 9, 151, 1),
(302, 93, 151, 1),
(303, 167, 152, 1),
(304, 26, 152, 1),
(305, 25, 153, 1),
(306, 178, 153, 1),
(307, 161, 154, 1),
(308, 70, 154, 1),
(309, 93, 155, 1),
(310, 133, 155, 1),
(311, 56, 156, 1),
(312, 106, 156, 1),
(313, 90, 157, 1),
(314, 93, 157, 1),
(315, 180, 158, 1),
(316, 79, 158, 1),
(317, 193, 159, 1),
(318, 186, 159, 1),
(319, 67, 160, 1),
(320, 145, 160, 1),
(321, 187, 161, 1),
(322, 165, 161, 1),
(323, 42, 162, 1),
(324, 10, 162, 1),
(325, 80, 163, 1),
(326, 148, 163, 1),
(327, 156, 164, 1),
(328, 158, 164, 1),
(329, 141, 165, 1),
(330, 31, 165, 1),
(331, 164, 166, 1),
(332, 141, 166, 1),
(333, 128, 167, 1),
(334, 81, 167, 1),
(335, 183, 168, 1),
(336, 40, 168, 1),
(337, 166, 169, 1),
(338, 113, 169, 1),
(339, 184, 170, 1),
(340, 145, 170, 1),
(341, 55, 171, 1),
(342, 124, 171, 1),
(343, 129, 172, 1),
(344, 62, 172, 1),
(345, 4, 173, 1),
(346, 83, 173, 1),
(347, 112, 174, 1),
(348, 64, 174, 1),
(349, 34, 175, 1),
(350, 113, 175, 1),
(351, 23, 176, 1),
(352, 186, 176, 1),
(353, 167, 177, 1),
(354, 78, 177, 1),
(355, 42, 178, 1),
(356, 28, 178, 1),
(357, 142, 179, 1),
(358, 126, 179, 1),
(359, 72, 180, 1),
(360, 59, 180, 1),
(361, 7, 181, 1),
(362, 108, 181, 1),
(363, 109, 182, 1),
(364, 103, 182, 1),
(365, 7, 183, 1),
(366, 34, 183, 1),
(367, 37, 184, 1),
(368, 40, 184, 1),
(369, 100, 185, 1),
(370, 69, 185, 1),
(371, 15, 186, 1),
(372, 165, 186, 1),
(373, 42, 187, 1),
(374, 111, 187, 1),
(375, 39, 188, 1),
(376, 196, 188, 1),
(377, 32, 189, 1),
(378, 74, 189, 1),
(379, 197, 190, 1),
(380, 42, 190, 1),
(381, 178, 191, 1),
(382, 176, 191, 1),
(383, 109, 192, 1),
(384, 67, 192, 1),
(385, 93, 193, 1),
(386, 153, 193, 1),
(387, 120, 194, 1),
(388, 122, 194, 1),
(389, 180, 195, 1),
(390, 45, 195, 1),
(391, 160, 196, 1),
(392, 11, 196, 1),
(393, 18, 197, 1),
(394, 109, 197, 1),
(395, 68, 198, 1),
(396, 84, 198, 1),
(397, 25, 199, 1),
(398, 53, 199, 1),
(399, 64, 200, 1),
(400, 168, 200, 1);

-- --------------------------------------------------------

--
-- Table structure for table `authortbl`
--

DROP TABLE IF EXISTS `authortbl`;
CREATE TABLE `authortbl` (
  `author_id` int(11) NOT NULL,
  `author_fname` varchar(255) NOT NULL,
  `author_lname` varchar(255) NOT NULL,
  `author_sname` varchar(255) NOT NULL,
  `author_name` varchar(255) NOT NULL
) ENGINE=InnoDB DEFAULT CHARSET=latin1;

--
-- Truncate table before insert `authortbl`
--

TRUNCATE TABLE `authortbl`;
--
-- Dumping data for table `authortbl`
--

INSERT INTO `authortbl` (`author_id`, `author_fname`, `author_lname`, `author_sname`, `author_name`) VALUES
(1, 'Kqrjvzsuhi', 'Dela Cruz', 'K. Dela Cruz', 'Kqrjvzsuhi Dela Cruz'),
(2, 'Cnrgftmqmv', 'Dela Cruz', 'C. Dela Cruz', 'Cnrgftmqmv Dela Cruz'),
(3, 'Zvlxxfdsai', 'Dela Cruz', 'Z. Dela Cruz', 'Zvlxxfdsai Dela Cruz'),
(4, 'Kpwhjjqweo', 'Dela Cruz', 'K. Dela Cruz', 'Kpwhjjqweo Dela Cruz'),
(5, 'Gklrobvzfz', 'Dela Cruz', 'G. Dela Cruz', 'Gklrobvzfz Dela Cruz'),
(6, 'Eviolbpptq', 'Dela Cruz', 'E. Dela Cruz', 'Eviolbpptq Dela Cruz'),
(7, 'Gvmhdvnppk', 'Dela Cruz', 'G. Dela Cruz', 'Gvmhdvnppk Dela Cruz'),
(8, 'Nzomsbtplu', 'Dela Cruz', 'N. Dela Cruz', 'Nzomsbtplu Dela Cruz'),
(9, 'Ghblxhsdzr', 'Dela Cruz', 'G. Dela Cruz', 'Ghblxhsdzr Dela Cruz'),
(10, 'Ihxpptcyay', 'Dela Cruz', 'I. Dela Cruz', 'Ihxpptcyay Dela Cruz'),
(11, 'Zngsdgroyr', 'Dela Cruz', 'Z. Dela Cruz', 'Zngsdgroyr Dela Cruz'),
(12, 'Mqpotuukdn', 'Dela Cruz', 'M. Dela Cruz', 'Mqpotuukdn Dela Cruz'),
(13, 'Vsodlzysrh', 'Dela Cruz', 'V. Dela Cruz', 'Vsodlzysrh Dela Cruz'),
(14, 'Scoowjsqnk', 'Dela Cruz', 'S. Dela Cruz', 'Scoowjsqnk Dela Cruz'),
(15, 'Ibluibnhsg', 'Dela Cruz', 'I. Dela Cruz', 'Ibluibnhsg Dela Cruz'),
(16, 'Ckjszocgir', 'Dela Cruz', 'C. Dela Cruz', 'Ckjszocgir Dela Cruz'),
(17, 'Yzlhrgjtpo', 'Dela Cruz', 'Y. Dela Cruz', 'Yzlhrgjtpo Dela Cruz'),
(18, 'Xlssgbumpw', 'Dela Cruz', 'X. Dela Cruz', 'Xlssgbumpw Dela Cruz'),
(19, 'Wdcfzrfdil', 'Dela Cruz', 'W. Dela Cruz', 'Wdcfzrfdil Dela Cruz'),
(20, 'Vvdmaijmzs', 'Dela Cruz', 'V. Dela Cruz', 'Vvdmaijmzs Dela Cruz'),
(21, 'Cutlujjxmh', 'Dela Cruz', 'C. Dela Cruz', 'Cutlujjxmh Dela Cruz'),
(22, 'Bkmzfrgwpi', 'Dela Cruz', 'B. Dela Cruz', 'Bkmzfrgwpi Dela Cruz'),
(23, 'Drsbrhvlsx', 'Dela Cruz', 'D. Dela Cruz', 'Drsbrhvlsx Dela Cruz'),
(24, 'Vrhertgdaz', 'Dela Cruz', 'V. Dela Cruz', 'Vrhertgdaz Dela Cruz'),
(25, 'Hszhtuizgi', 'Dela Cruz', 'H. Dela Cruz', 'Hszhtuizgi Dela Cruz'),
(26, 'Ipyayouhso', 'Dela Cruz', 'I. Dela Cruz', 'Ipyayouhso Dela Cruz'),
(27, 'Jlaiudymqq', 'Dela Cruz', 'J. Dela Cruz', 'Jlaiudymqq Dela Cruz'),
(28, 'Igcqhsyrmd', 'Dela Cruz', 'I. Dela Cruz', 'Igcqhsyrmd Dela Cruz'),
(29, 'Owabjichki', 'Dela Cruz', 'O. Dela Cruz', 'Owabjichki Dela Cruz'),
(30, 'Vivzsnbnfk', 'Dela Cruz', 'V. Dela Cruz', 'Vivzsnbnfk Dela Cruz'),
(31, 'Foniexugru', 'Dela Cruz', 'F. Dela Cruz', 'Foniexugru Dela Cruz'),
(32, 'Dccslryulp', 'Dela Cruz', 'D. Dela Cruz', 'Dccslryulp Dela Cruz'),
(33, 'Ksqvidgixn', 'Dela Cruz', 'K. Dela Cruz', 'Ksqvidgixn Dela Cruz'),
(34, 'Ilwyosgsni', 'Dela Cruz', 'I. Dela Cruz', 'Ilwyosgsni Dela Cruz'),
(35, 'Axlkgbhwfr', 'Dela Cruz', 'A. Dela Cruz', 'Axlkgbhwfr Dela Cruz'),
(36, 'Habgolatnm', 'Dela Cruz', 'H. Dela Cruz', 'Habgolatnm Dela Cruz'),
(37, 'Cekvymcedj', 'Dela Cruz', 'C. Dela Cruz', 'Cekvymcedj Dela Cruz'),
(38, 'Votaupwnhl', 'Dela Cruz', 'V. Dela Cruz', 'Votaupwnhl Dela Cruz'),
(39, 'Hhmugbqyut', 'Dela Cruz', 'H. Dela Cruz', 'Hhmugbqyut Dela Cruz'),
(40, 'Pddgtmcalx', 'Dela Cruz', 'P. Dela Cruz', 'Pddgtmcalx Dela Cruz'),
(41, 'Artctsjcpl', 'Dela Cruz', 'A. Dela Cruz', 'Artctsjcpl Dela Cruz'),
(42, 'Rzhkjjnegb', 'Dela Cruz', 'R. Dela Cruz', 'Rzhkjjnegb Dela Cruz'),
(43, 'Nyqtileesg', 'Dela Cruz', 'N. Dela Cruz', 'Nyqtileesg Dela Cruz'),
(44, 'Vhohpnpaya', 'Dela Cruz', 'V. Dela Cruz', 'Vhohpnpaya Dela Cruz'),
(45, 'Afmvwvcnjm', 'Dela Cruz', 'A. Dela Cruz', 'Afmvwvcnjm Dela Cruz'),
(46, 'Amurmkdzeo', 'Dela Cruz', 'A. Dela Cruz', 'Amurmkdzeo Dela Cruz'),
(47, 'Qskleksqrd', 'Dela Cruz', 'Q. Dela Cruz', 'Qskleksqrd Dela Cruz'),
(48, 'Zgmpgxbfcs', 'Dela Cruz', 'Z. Dela Cruz', 'Zgmpgxbfcs Dela Cruz'),
(49, 'Tpfwrmdwvu', 'Dela Cruz', 'T. Dela Cruz', 'Tpfwrmdwvu Dela Cruz'),
(50, 'Yikqlvzjoa', 'Dela Cruz', 'Y. Dela Cruz', 'Yikqlvzjoa Dela Cruz'),
(51, 'Msinydfvqm', 'Dela Cruz', 'M. Dela Cruz', 'Msinydfvqm Dela Cruz'),
(52, 'Wwmfuxndqs', 'Dela Cruz', 'W. Dela Cruz', 'Wwmfuxndqs Dela Cruz'),
(53, 'Cwodbivlrs', 'Dela Cruz', 'C. Dela Cruz', 'Cwodbivlrs Dela Cruz'),
(54, 'Qthmbkanen', 'Dela Cruz', 'Q. Dela Cruz', 'Qthmbkanen Dela Cruz'),
(55, 'Uufoqcnamp', 'Dela Cruz', 'U. Dela Cruz', 'Uufoqcnamp Dela Cruz'),
(56, 'Hprxwljyqa', 'Dela Cruz', 'H. Dela Cruz', 'Hprxwljyqa Dela Cruz'),
(57, 'Syvhcyvjdp', 'Dela Cruz', 'S. Dela Cruz', 'Syvhcyvjdp Dela Cruz'),
(58, 'Sbkijjxaip', 'Dela Cruz', 'S. Dela Cruz', 'Sbkijjxaip Dela Cruz'),
(59, 'Cajqxideuw', 'Dela Cruz', 'C. Dela Cruz', 'Cajqxideuw Dela Cruz'),
(60, 'Evtwgzfqdh', 'Dela Cruz', 'E. Dela Cruz', 'Evtwgzfqdh Dela Cruz'),
(61, 'Flkxrmoxtc', 'Dela Cruz', 'F. Dela Cruz', 'Flkxrmoxtc Dela Cruz'),
(62, 'Pyvdumlnkc', 'Dela Cruz', 'P. Dela Cruz', 'Pyvdumlnkc Dela Cruz'),
(63, 'Qbcrmwbgku', 'Dela Cruz', 'Q. Dela Cruz', 'Qbcrmwbgku Dela Cruz'),
(64, 'Yimkaxykzt', 'Dela Cruz', 'Y. Dela Cruz', 'Yimkaxykzt Dela Cruz'),
(65, 'Rnukjtcmhp', 'Dela Cruz', 'R. Dela Cruz', 'Rnukjtcmhp Dela Cruz'),
(66, 'Pgmrwxjbzl', 'Dela Cruz', 'P. Dela Cruz', 'Pgmrwxjbzl Dela Cruz'),
(67, 'Rwhevfibtm', 'Dela Cruz', 'R. Dela Cruz', 'Rwhevfibtm Dela Cruz'),
(68, 'Njztczadxi', 'Dela Cruz', 'N. Dela Cruz', 'Njztczadxi Dela Cruz'),
(69, 'Ywsizotcdq', 'Dela Cruz', 'Y. Dela Cruz', 'Ywsizotcdq Dela Cruz'),
(70, 'Kufhqpegir', 'Dela Cruz', 'K. Dela Cruz', 'Kufhqpegir Dela Cruz'),
(71, 'Zipcqibvlh', 'Dela Cruz', 'Z. Dela Cruz', 'Zipcqibvlh Dela Cruz'),
(72, 'Dypjnbsuic', 'Dela Cruz', 'D. Dela Cruz', 'Dypjnbsuic Dela Cruz'),
(73, 'Kucguyqdzg', 'Dela Cruz', 'K. Dela Cruz', 'Kucguyqdzg Dela Cruz'),
(74, 'Ryypxhgzmt', 'Dela Cruz', 'R. Dela Cruz', 'Ryypxhgzmt Dela Cruz'),
(75, 'Fkbiemhupe', 'Dela Cruz', 'F. Dela Cruz', 'Fkbiemhupe Dela Cruz'),
(76, 'Kjrxlqfitz', 'Dela Cruz', 'K. Dela Cruz', 'Kjrxlqfitz Dela Cruz'),
(77, 'Kpauixrbos', 'Dela Cruz', 'K. Dela Cruz', 'Kpauixrbos Dela Cruz'),
(78, 'Haisfhbnxz', 'Dela Cruz', 'H. Dela Cruz', 'Haisfhbnxz Dela Cruz'),
(79, 'Yofnvhkgoq', 'Dela Cruz', 'Y. Dela Cruz', 'Yofnvhkgoq Dela Cruz'),
(80, 'Tzqrxwdsqo', 'Dela Cruz', 'T. Dela Cruz', 'Tzqrxwdsqo Dela Cruz'),
(81, 'Wfarrjpgot', 'Dela Cruz', 'W. Dela Cruz', 'Wfarrjpgot Dela Cruz'),
(82, 'Qgbprqhxyi', 'Dela Cruz', 'Q. Dela Cruz', 'Qgbprqhxyi Dela Cruz'),
(83, 'Ibltgmrfwp', 'Dela Cruz', 'I. Dela Cruz', 'Ibltgmrfwp Dela Cruz'),
(84, 'Zoycpdhbnm', 'Dela Cruz', 'Z. Dela Cruz', 'Zoycpdhbnm Dela Cruz'),
(85, 'Hipgczjrvm', 'Dela Cruz', 'H. Dela Cruz', 'Hipgczjrvm Dela Cruz'),
(86, 'Dwjelemdmi', 'Dela Cruz', 'D. Dela Cruz', 'Dwjelemdmi Dela Cruz'),
(87, 'Fqcklbuetx', 'Dela Cruz', 'F. Dela Cruz', 'Fqcklbuetx Dela Cruz'),
(88, 'Qruzvobbnv', 'Dela Cruz', 'Q. Dela Cruz', 'Qruzvobbnv Dela Cruz'),
(89, 'Kejcigaqxr', 'Dela Cruz', 'K. Dela Cruz', 'Kejcigaqxr Dela Cruz'),
(90, 'Ppaniqvkzm', 'Dela Cruz', 'P. Dela Cruz', 'Ppaniqvkzm Dela Cruz'),
(91, 'Aidszuhilg', 'Dela Cruz', 'A. Dela Cruz', 'Aidszuhilg Dela Cruz'),
(92, 'Dpasrkfmql', 'Dela Cruz', 'D. Dela Cruz', 'Dpasrkfmql Dela Cruz'),
(93, 'Mxbicsmxrl', 'Dela Cruz', 'M. Dela Cruz', 'Mxbicsmxrl Dela Cruz'),
(94, 'Jfxerjplbz', 'Dela Cruz', 'J. Dela Cruz', 'Jfxerjplbz Dela Cruz'),
(95, 'Lvibikdxsf', 'Dela Cruz', 'L. Dela Cruz', 'Lvibikdxsf Dela Cruz'),
(96, 'Yrygezospa', 'Dela Cruz', 'Y. Dela Cruz', 'Yrygezospa Dela Cruz'),
(97, 'Xiugklkmja', 'Dela Cruz', 'X. Dela Cruz', 'Xiugklkmja Dela Cruz'),
(98, 'Aikobsznyw', 'Dela Cruz', 'A. Dela Cruz', 'Aikobsznyw Dela Cruz'),
(99, 'Tkrhikhebg', 'Dela Cruz', 'T. Dela Cruz', 'Tkrhikhebg Dela Cruz'),
(100, 'Abgrgedxqi', 'Dela Cruz', 'A. Dela Cruz', 'Abgrgedxqi Dela Cruz'),
(101, 'Nuqyimajrt', 'Dela Cruz', 'N. Dela Cruz', 'Nuqyimajrt Dela Cruz'),
(102, 'Zmtqcpakgy', 'Dela Cruz', 'Z. Dela Cruz', 'Zmtqcpakgy Dela Cruz'),
(103, 'Aholtimylj', 'Dela Cruz', 'A. Dela Cruz', 'Aholtimylj Dela Cruz'),
(104, 'Xjokfrqgxd', 'Dela Cruz', 'X. Dela Cruz', 'Xjokfrqgxd Dela Cruz'),
(105, 'Jfclmiznqh', 'Dela Cruz', 'J. Dela Cruz', 'Jfclmiznqh Dela Cruz'),
(106, 'Imuvrshgyh', 'Dela Cruz', 'I. Dela Cruz', 'Imuvrshgyh Dela Cruz'),
(107, 'Acjepfvttl', 'Dela Cruz', 'A. Dela Cruz', 'Acjepfvttl Dela Cruz'),
(108, 'Iapdblffqr', 'Dela Cruz', 'I. Dela Cruz', 'Iapdblffqr Dela Cruz'),
(109, 'Ysfmuvuhyb', 'Dela Cruz', 'Y. Dela Cruz', 'Ysfmuvuhyb Dela Cruz'),
(110, 'Kfpithdtpu', 'Dela Cruz', 'K. Dela Cruz', 'Kfpithdtpu Dela Cruz'),
(111, 'Rfpdwpmnqs', 'Dela Cruz', 'R. Dela Cruz', 'Rfpdwpmnqs Dela Cruz'),
(112, 'Gzhmgrsblf', 'Dela Cruz', 'G. Dela Cruz', 'Gzhmgrsblf Dela Cruz'),
(113, 'Vrfxgohjrb', 'Dela Cruz', 'V. Dela Cruz', 'Vrfxgohjrb Dela Cruz'),
(114, 'Xwclfotzur', 'Dela Cruz', 'X. Dela Cruz', 'Xwclfotzur Dela Cruz'),
(115, 'Npiodelvwg', 'Dela Cruz', 'N. Dela Cruz', 'Npiodelvwg Dela Cruz'),
(116, 'Qexhlrgziy', 'Dela Cruz', 'Q. Dela Cruz', 'Qexhlrgziy Dela Cruz'),
(117, 'Peogtyswdz', 'Dela Cruz', 'P. Dela Cruz', 'Peogtyswdz Dela Cruz'),
(118, 'Yzlsugbten', 'Dela Cruz', 'Y. Dela Cruz', 'Yzlsugbten Dela Cruz'),
(119, 'Qazptvqdhy', 'Dela Cruz', 'Q. Dela Cruz', 'Qazptvqdhy Dela Cruz'),
(120, 'Wspqcfvwoc', 'Dela Cruz', 'W. Dela Cruz', 'Wspqcfvwoc Dela Cruz'),
(121, 'Meiowfkzdj', 'Dela Cruz', 'M. Dela Cruz', 'Meiowfkzdj Dela Cruz'),
(122, 'Inrduehgmx', 'Dela Cruz', 'I. Dela Cruz', 'Inrduehgmx Dela Cruz'),
(123, 'Kzvmxezqxb', 'Dela Cruz', 'K. Dela Cruz', 'Kzvmxezqxb Dela Cruz'),
(124, 'Rkbgiealyc', 'Dela Cruz', 'R. Dela Cruz', 'Rkbgiealyc Dela Cruz'),
(125, 'Vglodkfmjw', 'Dela Cruz', 'V. Dela Cruz', 'Vglodkfmjw Dela Cruz'),
(126, 'Elcbjlxuuq', 'Dela Cruz', 'E. Dela Cruz', 'Elcbjlxuuq Dela Cruz'),
(127, 'Uahvnxqimt', 'Dela Cruz', 'U. Dela Cruz', 'Uahvnxqimt Dela Cruz'),
(128, 'Daihyodalf', 'Dela Cruz', 'D. Dela Cruz', 'Daihyodalf Dela Cruz'),
(129, 'Yxgnmdolzv', 'Dela Cruz', 'Y. Dela Cruz', 'Yxgnmdolzv Dela Cruz'),
(130, 'Netnigpjzf', 'Dela Cruz', 'N. Dela Cruz', 'Netnigpjzf Dela Cruz'),
(131, 'Xvadovcfib', 'Dela Cruz', 'X. Dela Cruz', 'Xvadovcfib Dela Cruz'),
(132, 'Zhbfjozwor', 'Dela Cruz', 'Z. Dela Cruz', 'Zhbfjozwor Dela Cruz'),
(133, 'Tqjalfnfsy', 'Dela Cruz', 'T. Dela Cruz', 'Tqjalfnfsy Dela Cruz'),
(134, 'Qmhsyjjskr', 'Dela Cruz', 'Q. Dela Cruz', 'Qmhsyjjskr Dela Cruz'),
(135, 'Mqcwopveic', 'Dela Cruz', 'M. Dela Cruz', 'Mqcwopveic Dela Cruz'),
(136, 'Mlfjpalhqt', 'Dela Cruz', 'M. Dela Cruz', 'Mlfjpalhqt Dela Cruz'),
(137, 'Rfwhtgzmcy', 'Dela Cruz', 'R. Dela Cruz', 'Rfwhtgzmcy Dela Cruz'),
(138, 'Bwdbplhxvg', 'Dela Cruz', 'B. Dela Cruz', 'Bwdbplhxvg Dela Cruz'),
(139, 'Lohanrjime', 'Dela Cruz', 'L. Dela Cruz', 'Lohanrjime Dela Cruz'),
(140, 'Ikbxjgaole', 'Dela Cruz', 'I. Dela Cruz', 'Ikbxjgaole Dela Cruz'),
(141, 'Dbtlgcuqbi', 'Dela Cruz', 'D. Dela Cruz', 'Dbtlgcuqbi Dela Cruz'),
(142, 'Wshriyzpxd', 'Dela Cruz', 'W. Dela Cruz', 'Wshriyzpxd Dela Cruz'),
(143, 'Daokllbipb', 'Dela Cruz', 'D. Dela Cruz', 'Daokllbipb Dela Cruz'),
(144, 'Ihdseubdkr', 'Dela Cruz', 'I. Dela Cruz', 'Ihdseubdkr Dela Cruz'),
(145, 'Ktgnhecflx', 'Dela Cruz', 'K. Dela Cruz', 'Ktgnhecflx Dela Cruz'),
(146, 'Vlamiacktf', 'Dela Cruz', 'V. Dela Cruz', 'Vlamiacktf Dela Cruz'),
(147, 'Zoivkaejxc', 'Dela Cruz', 'Z. Dela Cruz', 'Zoivkaejxc Dela Cruz'),
(148, 'Udviwxgsyg', 'Dela Cruz', 'U. Dela Cruz', 'Udviwxgsyg Dela Cruz'),
(149, 'Saybpshueu', 'Dela Cruz', 'S. Dela Cruz', 'Saybpshueu Dela Cruz'),
(150, 'Kxmvgkuvsw', 'Dela Cruz', 'K. Dela Cruz', 'Kxmvgkuvsw Dela Cruz'),
(151, 'Dlutkhfxyb', 'Dela Cruz', 'D. Dela Cruz', 'Dlutkhfxyb Dela Cruz'),
(152, 'Mqutbvlsud', 'Dela Cruz', 'M. Dela Cruz', 'Mqutbvlsud Dela Cruz'),
(153, 'Frcdmhmayf', 'Dela Cruz', 'F. Dela Cruz', 'Frcdmhmayf Dela Cruz'),
(154, 'Lueqfdnpdz', 'Dela Cruz', 'L. Dela Cruz', 'Lueqfdnpdz Dela Cruz'),
(155, 'Dokesnrqlm', 'Dela Cruz', 'D. Dela Cruz', 'Dokesnrqlm Dela Cruz'),
(156, 'Voyttibwme', 'Dela Cruz', 'V. Dela Cruz', 'Voyttibwme Dela Cruz'),
(157, 'Kejmjxwqfr', 'Dela Cruz', 'K. Dela Cruz', 'Kejmjxwqfr Dela Cruz'),
(158, 'Ilsnpplaox', 'Dela Cruz', 'I. Dela Cruz', 'Ilsnpplaox Dela Cruz'),
(159, 'Warfmhsidj', 'Dela Cruz', 'W. Dela Cruz', 'Warfmhsidj Dela Cruz'),
(160, 'Axobdqhfin', 'Dela Cruz', 'A. Dela Cruz', 'Axobdqhfin Dela Cruz'),
(161, 'Ugbrzpgwyy', 'Dela Cruz', 'U. Dela Cruz', 'Ugbrzpgwyy Dela Cruz'),
(162, 'Bylazntuso', 'Dela Cruz', 'B. Dela Cruz', 'Bylazntuso Dela Cruz'),
(163, 'Uycenzrhmf', 'Dela Cruz', 'U. Dela Cruz', 'Uycenzrhmf Dela Cruz'),
(164, 'Tfbqwzydom', 'Dela Cruz', 'T. Dela Cruz', 'Tfbqwzydom Dela Cruz'),
(165, 'Ahwqlgxhbt', 'Dela Cruz', 'A. Dela Cruz', 'Ahwqlgxhbt Dela Cruz'),
(166, 'Ktbuxxgrnk', 'Dela Cruz', 'K. Dela Cruz', 'Ktbuxxgrnk Dela Cruz'),
(167, 'Urweqvdutp', 'Dela Cruz', 'U. Dela Cruz', 'Urweqvdutp Dela Cruz'),
(168, 'Guyhvtnpkc', 'Dela Cruz', 'G. Dela Cruz', 'Guyhvtnpkc Dela Cruz'),
(169, 'Lgyafsjcxh', 'Dela Cruz', 'L. Dela Cruz', 'Lgyafsjcxh Dela Cruz'),
(170, 'Kgruopvrsp', 'Dela Cruz', 'K. Dela Cruz', 'Kgruopvrsp Dela Cruz'),
(171, 'Rffqghzpvb', 'Dela Cruz', 'R. Dela Cruz', 'Rffqghzpvb Dela Cruz'),
(172, 'Oygwakotal', 'Dela Cruz', 'O. Dela Cruz', 'Oygwakotal Dela Cruz'),
(173, 'Mxqdrupnnj', 'Dela Cruz', 'M. Dela Cruz', 'Mxqdrupnnj Dela Cruz'),
(174, 'Hctfcvnqxi', 'Dela Cruz', 'H. Dela Cruz', 'Hctfcvnqxi Dela Cruz'),
(175, 'Ncdhirolma', 'Dela Cruz', 'N. Dela Cruz', 'Ncdhirolma Dela Cruz'),
(176, 'Modcasrwft', 'Dela Cruz', 'M. Dela Cruz', 'Modcasrwft Dela Cruz'),
(177, 'Glwfvdbwsn', 'Dela Cruz', 'G. Dela Cruz', 'Glwfvdbwsn Dela Cruz'),
(178, 'Shfueerogk', 'Dela Cruz', 'S. Dela Cruz', 'Shfueerogk Dela Cruz'),
(179, 'Vefxmyuuao', 'Dela Cruz', 'V. Dela Cruz', 'Vefxmyuuao Dela Cruz'),
(180, 'Lkhoaodifh', 'Dela Cruz', 'L. Dela Cruz', 'Lkhoaodifh Dela Cruz'),
(181, 'Nuveeihwym', 'Dela Cruz', 'N. Dela Cruz', 'Nuveeihwym Dela Cruz'),
(182, 'Odaydlfpqg', 'Dela Cruz', 'O. Dela Cruz', 'Odaydlfpqg Dela Cruz'),
(183, 'Ydkchtnklv', 'Dela Cruz', 'Y. Dela Cruz', 'Ydkchtnklv Dela Cruz'),
(184, 'Eclfxjbkhn', 'Dela Cruz', 'E. Dela Cruz', 'Eclfxjbkhn Dela Cruz'),
(185, 'Hxighsjnrq', 'Dela Cruz', 'H. Dela Cruz', 'Hxighsjnrq Dela Cruz'),
(186, 'Zbjhcisfbt', 'Dela Cruz', 'Z. Dela Cruz', 'Zbjhcisfbt Dela Cruz'),
(187, 'Terpzbdcqu', 'Dela Cruz', 'T. Dela Cruz', 'Terpzbdcqu Dela Cruz'),
(188, 'Riutmxcerp', 'Dela Cruz', 'R. Dela Cruz', 'Riutmxcerp Dela Cruz'),
(189, 'Wcinywsnzc', 'Dela Cruz', 'W. Dela Cruz', 'Wcinywsnzc Dela Cruz'),
(190, 'Djxzpwvnkq', 'Dela Cruz', 'D. Dela Cruz', 'Djxzpwvnkq Dela Cruz'),
(191, 'Ftskdmvysn', 'Dela Cruz', 'F. Dela Cruz', 'Ftskdmvysn Dela Cruz'),
(192, 'Pekhozlgxi', 'Dela Cruz', 'P. Dela Cruz', 'Pekhozlgxi Dela Cruz'),
(193, 'Tcmixdworb', 'Dela Cruz', 'T. Dela Cruz', 'Tcmixdworb Dela Cruz'),
(194, 'Rfjpnajrif', 'Dela Cruz', 'R. Dela Cruz', 'Rfjpnajrif Dela Cruz'),
(195, 'Htjnfpqitl', 'Dela Cruz', 'H. Dela Cruz', 'Htjnfpqitl Dela Cruz'),
(196, 'Xneuthlzlg', 'Dela Cruz', 'X. Dela Cruz', 'Xneuthlzlg Dela Cruz'),
(197, 'Qgfmluzjbl', 'Dela Cruz', 'Q. Dela Cruz', 'Qgfmluzjbl Dela Cruz'),
(198, 'Jmvipvtuyh', 'Dela Cruz', 'J. Dela Cruz', 'Jmvipvtuyh Dela Cruz'),
(199, 'Jzbxwsualr', 'Dela Cruz', 'J. Dela Cruz', 'Jzbxwsualr Dela Cruz'),
(200, 'Oqxjmwrgfw', 'Dela Cruz', 'O. Dela Cruz', 'Oqxjmwrgfw Dela Cruz');

-- --------------------------------------------------------

--
-- Table structure for table `booktbl`
--

DROP TABLE IF EXISTS `booktbl`;
CREATE TABLE `booktbl` (
  `book_id` int(11) NOT NULL,
  `book_name` varchar(255) NOT NULL,
  `book_description` longtext NOT NULL,
  `book_image` varchar(50) NOT NULL,
  `publish_date` int(11) NOT NULL,
  `section_id` int(11) NOT NULL
) ENGINE=InnoDB DEFAULT CHARSET=latin1;

--
-- Truncate table before insert `booktbl`
--

TRUNCATE TABLE `booktbl`;
--
-- Dumping data for table `booktbl`
--

INSERT INTO `booktbl` (`book_id`, `book_name`, `book_description`, `book_image`, `publish_date`, `section_id`) VALUES
(1, 'Ljfuegyzdz', 'Lorem ipsum dolor, sit amet consectetur adipisicing elit. Accusantium, nam repudiandae quae id quo asperiores, voluptatem repellat repellendus odio amet perspiciatis alias suscipit maiores quos nesciunt vero autem, deserunt eius?', '', 1558796943, 12),
(2, 'Nmbziyvicw', 'Lorem ipsum dolor, sit amet consectetur adipisicing elit. Accusantium, nam repudiandae quae id quo asperiores, voluptatem repellat repellendus odio amet perspiciatis alias suscipit maiores quos nesciunt vero autem, deserunt eius?', '', 1558796943, 24),
(3, 'Gfwwgrqmnu', 'Lorem ipsum dolor, sit amet consectetur adipisicing elit. Accusantium, nam repudiandae quae id quo asperiores, voluptatem repellat repellendus odio amet perspiciatis alias suscipit maiores quos nesciunt vero autem, deserunt eius?', '', 1558796943, 30),
(4, 'Wgzkpnlsjq', 'Lorem ipsum dolor, sit amet consectetur adipisicing elit. Accusantium, nam repudiandae quae id quo asperiores, voluptatem repellat repellendus odio amet perspiciatis alias suscipit maiores quos nesciunt vero autem, deserunt eius?', '', 1558796943, 18),
(5, 'Xqhmjalwod', 'Lorem ipsum dolor, sit amet consectetur adipisicing elit. Accusantium, nam repudiandae quae id quo asperiores, voluptatem repellat repellendus odio amet perspiciatis alias suscipit maiores quos nesciunt vero autem, deserunt eius?', '', 1558796943, 16),
(6, 'Uvmzamptdy', 'Lorem ipsum dolor, sit amet consectetur adipisicing elit. Accusantium, nam repudiandae quae id quo asperiores, voluptatem repellat repellendus odio amet perspiciatis alias suscipit maiores quos nesciunt vero autem, deserunt eius?', '', 1558796943, 22),
(7, 'Apgbcizags', 'Lorem ipsum dolor, sit amet consectetur adipisicing elit. Accusantium, nam repudiandae quae id quo asperiores, voluptatem repellat repellendus odio amet perspiciatis alias suscipit maiores quos nesciunt vero autem, deserunt eius?', '', 1558796944, 24),
(8, 'Zvfpoebgvh', 'Lorem ipsum dolor, sit amet consectetur adipisicing elit. Accusantium, nam repudiandae quae id quo asperiores, voluptatem repellat repellendus odio amet perspiciatis alias suscipit maiores quos nesciunt vero autem, deserunt eius?', '', 1558796944, 10),
(9, 'Qjfroxntax', 'Lorem ipsum dolor, sit amet consectetur adipisicing elit. Accusantium, nam repudiandae quae id quo asperiores, voluptatem repellat repellendus odio amet perspiciatis alias suscipit maiores quos nesciunt vero autem, deserunt eius?', '', 1558796944, 3),
(10, 'Hmxamgegsi', 'Lorem ipsum dolor, sit amet consectetur adipisicing elit. Accusantium, nam repudiandae quae id quo asperiores, voluptatem repellat repellendus odio amet perspiciatis alias suscipit maiores quos nesciunt vero autem, deserunt eius?', '', 1558796944, 17),
(11, 'Lrummhzqby', 'Lorem ipsum dolor, sit amet consectetur adipisicing elit. Accusantium, nam repudiandae quae id quo asperiores, voluptatem repellat repellendus odio amet perspiciatis alias suscipit maiores quos nesciunt vero autem, deserunt eius?', '', 1558796944, 19),
(12, 'Ymlpvwihxq', 'Lorem ipsum dolor, sit amet consectetur adipisicing elit. Accusantium, nam repudiandae quae id quo asperiores, voluptatem repellat repellendus odio amet perspiciatis alias suscipit maiores quos nesciunt vero autem, deserunt eius?', '', 1558796944, 26),
(13, 'Enualzfudq', 'Lorem ipsum dolor, sit amet consectetur adipisicing elit. Accusantium, nam repudiandae quae id quo asperiores, voluptatem repellat repellendus odio amet perspiciatis alias suscipit maiores quos nesciunt vero autem, deserunt eius?', '', 1558796944, 27),
(14, 'Kggxpwrjjh', 'Lorem ipsum dolor, sit amet consectetur adipisicing elit. Accusantium, nam repudiandae quae id quo asperiores, voluptatem repellat repellendus odio amet perspiciatis alias suscipit maiores quos nesciunt vero autem, deserunt eius?', '', 1558796944, 26),
(15, 'Ejeaonscpt', 'Lorem ipsum dolor, sit amet consectetur adipisicing elit. Accusantium, nam repudiandae quae id quo asperiores, voluptatem repellat repellendus odio amet perspiciatis alias suscipit maiores quos nesciunt vero autem, deserunt eius?', '', 1558796944, 19),
(16, 'Jmatulzkve', 'Lorem ipsum dolor, sit amet consectetur adipisicing elit. Accusantium, nam repudiandae quae id quo asperiores, voluptatem repellat repellendus odio amet perspiciatis alias suscipit maiores quos nesciunt vero autem, deserunt eius?', '', 1558796944, 28),
(17, 'Tosaggycyf', 'Lorem ipsum dolor, sit amet consectetur adipisicing elit. Accusantium, nam repudiandae quae id quo asperiores, voluptatem repellat repellendus odio amet perspiciatis alias suscipit maiores quos nesciunt vero autem, deserunt eius?', '', 1558796944, 10),
(18, 'Rdjplskcyq', 'Lorem ipsum dolor, sit amet consectetur adipisicing elit. Accusantium, nam repudiandae quae id quo asperiores, voluptatem repellat repellendus odio amet perspiciatis alias suscipit maiores quos nesciunt vero autem, deserunt eius?', '', 1558796944, 29),
(19, 'Ynozqpyksl', 'Lorem ipsum dolor, sit amet consectetur adipisicing elit. Accusantium, nam repudiandae quae id quo asperiores, voluptatem repellat repellendus odio amet perspiciatis alias suscipit maiores quos nesciunt vero autem, deserunt eius?', '', 1558796944, 24),
(20, 'Qvrdbxcmso', 'Lorem ipsum dolor, sit amet consectetur adipisicing elit. Accusantium, nam repudiandae quae id quo asperiores, voluptatem repellat repellendus odio amet perspiciatis alias suscipit maiores quos nesciunt vero autem, deserunt eius?', '', 1558796944, 6),
(21, 'Fmboshwhju', 'Lorem ipsum dolor, sit amet consectetur adipisicing elit. Accusantium, nam repudiandae quae id quo asperiores, voluptatem repellat repellendus odio amet perspiciatis alias suscipit maiores quos nesciunt vero autem, deserunt eius?', '', 1558796944, 9),
(22, 'Bjblnhfgmk', 'Lorem ipsum dolor, sit amet consectetur adipisicing elit. Accusantium, nam repudiandae quae id quo asperiores, voluptatem repellat repellendus odio amet perspiciatis alias suscipit maiores quos nesciunt vero autem, deserunt eius?', '', 1558796944, 11),
(23, 'Cledxjrtld', 'Lorem ipsum dolor, sit amet consectetur adipisicing elit. Accusantium, nam repudiandae quae id quo asperiores, voluptatem repellat repellendus odio amet perspiciatis alias suscipit maiores quos nesciunt vero autem, deserunt eius?', '', 1558796944, 14),
(24, 'Vtpqegonoy', 'Lorem ipsum dolor, sit amet consectetur adipisicing elit. Accusantium, nam repudiandae quae id quo asperiores, voluptatem repellat repellendus odio amet perspiciatis alias suscipit maiores quos nesciunt vero autem, deserunt eius?', '', 1558796944, 12),
(25, 'Eapdjwynmx', 'Lorem ipsum dolor, sit amet consectetur adipisicing elit. Accusantium, nam repudiandae quae id quo asperiores, voluptatem repellat repellendus odio amet perspiciatis alias suscipit maiores quos nesciunt vero autem, deserunt eius?', '', 1558796944, 25),
(26, 'Jshmzstdvy', 'Lorem ipsum dolor, sit amet consectetur adipisicing elit. Accusantium, nam repudiandae quae id quo asperiores, voluptatem repellat repellendus odio amet perspiciatis alias suscipit maiores quos nesciunt vero autem, deserunt eius?', '', 1558796944, 25),
(27, 'Scfamiuuyt', 'Lorem ipsum dolor, sit amet consectetur adipisicing elit. Accusantium, nam repudiandae quae id quo asperiores, voluptatem repellat repellendus odio amet perspiciatis alias suscipit maiores quos nesciunt vero autem, deserunt eius?', '', 1558796944, 11),
(28, 'Ybzqwkztxi', 'Lorem ipsum dolor, sit amet consectetur adipisicing elit. Accusantium, nam repudiandae quae id quo asperiores, voluptatem repellat repellendus odio amet perspiciatis alias suscipit maiores quos nesciunt vero autem, deserunt eius?', '', 1558796944, 7),
(29, 'Rauoyhjgcv', 'Lorem ipsum dolor, sit amet consectetur adipisicing elit. Accusantium, nam repudiandae quae id quo asperiores, voluptatem repellat repellendus odio amet perspiciatis alias suscipit maiores quos nesciunt vero autem, deserunt eius?', '', 1558796944, 12),
(30, 'Gxkorhmwaz', 'Lorem ipsum dolor, sit amet consectetur adipisicing elit. Accusantium, nam repudiandae quae id quo asperiores, voluptatem repellat repellendus odio amet perspiciatis alias suscipit maiores quos nesciunt vero autem, deserunt eius?', '', 1558796944, 28),
(31, 'Zcaexndvpj', 'Lorem ipsum dolor, sit amet consectetur adipisicing elit. Accusantium, nam repudiandae quae id quo asperiores, voluptatem repellat repellendus odio amet perspiciatis alias suscipit maiores quos nesciunt vero autem, deserunt eius?', '', 1558796944, 9),
(32, 'Miztxbnjcf', 'Lorem ipsum dolor, sit amet consectetur adipisicing elit. Accusantium, nam repudiandae quae id quo asperiores, voluptatem repellat repellendus odio amet perspiciatis alias suscipit maiores quos nesciunt vero autem, deserunt eius?', '', 1558796944, 28),
(33, 'Oqdmyandlv', 'Lorem ipsum dolor, sit amet consectetur adipisicing elit. Accusantium, nam repudiandae quae id quo asperiores, voluptatem repellat repellendus odio amet perspiciatis alias suscipit maiores quos nesciunt vero autem, deserunt eius?', '', 1558796944, 12),
(34, 'Rqsbshkepz', 'Lorem ipsum dolor, sit amet consectetur adipisicing elit. Accusantium, nam repudiandae quae id quo asperiores, voluptatem repellat repellendus odio amet perspiciatis alias suscipit maiores quos nesciunt vero autem, deserunt eius?', '', 1558796944, 23),
(35, 'Trlqlsnopp', 'Lorem ipsum dolor, sit amet consectetur adipisicing elit. Accusantium, nam repudiandae quae id quo asperiores, voluptatem repellat repellendus odio amet perspiciatis alias suscipit maiores quos nesciunt vero autem, deserunt eius?', '', 1558796944, 29),
(36, 'Zeqibiwdrt', 'Lorem ipsum dolor, sit amet consectetur adipisicing elit. Accusantium, nam repudiandae quae id quo asperiores, voluptatem repellat repellendus odio amet perspiciatis alias suscipit maiores quos nesciunt vero autem, deserunt eius?', '', 1558796944, 29),
(37, 'Aytzhnbuto', 'Lorem ipsum dolor, sit amet consectetur adipisicing elit. Accusantium, nam repudiandae quae id quo asperiores, voluptatem repellat repellendus odio amet perspiciatis alias suscipit maiores quos nesciunt vero autem, deserunt eius?', '', 1558796944, 7),
(38, 'Ggpuorakbs', 'Lorem ipsum dolor, sit amet consectetur adipisicing elit. Accusantium, nam repudiandae quae id quo asperiores, voluptatem repellat repellendus odio amet perspiciatis alias suscipit maiores quos nesciunt vero autem, deserunt eius?', '', 1558796944, 19),
(39, 'Pmyliqwsrc', 'Lorem ipsum dolor, sit amet consectetur adipisicing elit. Accusantium, nam repudiandae quae id quo asperiores, voluptatem repellat repellendus odio amet perspiciatis alias suscipit maiores quos nesciunt vero autem, deserunt eius?', '', 1558796944, 18),
(40, 'Hxxghywnyb', 'Lorem ipsum dolor, sit amet consectetur adipisicing elit. Accusantium, nam repudiandae quae id quo asperiores, voluptatem repellat repellendus odio amet perspiciatis alias suscipit maiores quos nesciunt vero autem, deserunt eius?', '', 1558796944, 27),
(41, 'Iqgaendpou', 'Lorem ipsum dolor, sit amet consectetur adipisicing elit. Accusantium, nam repudiandae quae id quo asperiores, voluptatem repellat repellendus odio amet perspiciatis alias suscipit maiores quos nesciunt vero autem, deserunt eius?', '', 1558796944, 3),
(42, 'Zfcrqaanme', 'Lorem ipsum dolor, sit amet consectetur adipisicing elit. Accusantium, nam repudiandae quae id quo asperiores, voluptatem repellat repellendus odio amet perspiciatis alias suscipit maiores quos nesciunt vero autem, deserunt eius?', '', 1558796944, 5),
(43, 'Ucykylaftd', 'Lorem ipsum dolor, sit amet consectetur adipisicing elit. Accusantium, nam repudiandae quae id quo asperiores, voluptatem repellat repellendus odio amet perspiciatis alias suscipit maiores quos nesciunt vero autem, deserunt eius?', '', 1558796944, 10),
(44, 'Aspbwhvdxc', 'Lorem ipsum dolor, sit amet consectetur adipisicing elit. Accusantium, nam repudiandae quae id quo asperiores, voluptatem repellat repellendus odio amet perspiciatis alias suscipit maiores quos nesciunt vero autem, deserunt eius?', '', 1558796944, 24),
(45, 'Iuvavdxuqt', 'Lorem ipsum dolor, sit amet consectetur adipisicing elit. Accusantium, nam repudiandae quae id quo asperiores, voluptatem repellat repellendus odio amet perspiciatis alias suscipit maiores quos nesciunt vero autem, deserunt eius?', '', 1558796944, 9),
(46, 'Nboyqzqtcm', 'Lorem ipsum dolor, sit amet consectetur adipisicing elit. Accusantium, nam repudiandae quae id quo asperiores, voluptatem repellat repellendus odio amet perspiciatis alias suscipit maiores quos nesciunt vero autem, deserunt eius?', '', 1558796944, 30),
(47, 'Ibsnuiayfx', 'Lorem ipsum dolor, sit amet consectetur adipisicing elit. Accusantium, nam repudiandae quae id quo asperiores, voluptatem repellat repellendus odio amet perspiciatis alias suscipit maiores quos nesciunt vero autem, deserunt eius?', '', 1558796944, 6),
(48, 'Qkgmmztcpx', 'Lorem ipsum dolor, sit amet consectetur adipisicing elit. Accusantium, nam repudiandae quae id quo asperiores, voluptatem repellat repellendus odio amet perspiciatis alias suscipit maiores quos nesciunt vero autem, deserunt eius?', '', 1558796944, 26),
(49, 'Atnykeqioh', 'Lorem ipsum dolor, sit amet consectetur adipisicing elit. Accusantium, nam repudiandae quae id quo asperiores, voluptatem repellat repellendus odio amet perspiciatis alias suscipit maiores quos nesciunt vero autem, deserunt eius?', '', 1558796944, 3),
(50, 'Xmqegrrpcc', 'Lorem ipsum dolor, sit amet consectetur adipisicing elit. Accusantium, nam repudiandae quae id quo asperiores, voluptatem repellat repellendus odio amet perspiciatis alias suscipit maiores quos nesciunt vero autem, deserunt eius?', '', 1558796944, 12),
(51, 'Msyapcvntr', 'Lorem ipsum dolor, sit amet consectetur adipisicing elit. Accusantium, nam repudiandae quae id quo asperiores, voluptatem repellat repellendus odio amet perspiciatis alias suscipit maiores quos nesciunt vero autem, deserunt eius?', '', 1558796944, 11),
(52, 'Bjnkotmxfy', 'Lorem ipsum dolor, sit amet consectetur adipisicing elit. Accusantium, nam repudiandae quae id quo asperiores, voluptatem repellat repellendus odio amet perspiciatis alias suscipit maiores quos nesciunt vero autem, deserunt eius?', '', 1558796944, 13),
(53, 'Dnmplsbxjf', 'Lorem ipsum dolor, sit amet consectetur adipisicing elit. Accusantium, nam repudiandae quae id quo asperiores, voluptatem repellat repellendus odio amet perspiciatis alias suscipit maiores quos nesciunt vero autem, deserunt eius?', '', 1558796944, 15),
(54, 'Wqtcxybgvr', 'Lorem ipsum dolor, sit amet consectetur adipisicing elit. Accusantium, nam repudiandae quae id quo asperiores, voluptatem repellat repellendus odio amet perspiciatis alias suscipit maiores quos nesciunt vero autem, deserunt eius?', '', 1558796944, 19),
(55, 'Kbrnmivpjw', 'Lorem ipsum dolor, sit amet consectetur adipisicing elit. Accusantium, nam repudiandae quae id quo asperiores, voluptatem repellat repellendus odio amet perspiciatis alias suscipit maiores quos nesciunt vero autem, deserunt eius?', '', 1558796944, 30),
(56, 'Ifgjeqdvea', 'Lorem ipsum dolor, sit amet consectetur adipisicing elit. Accusantium, nam repudiandae quae id quo asperiores, voluptatem repellat repellendus odio amet perspiciatis alias suscipit maiores quos nesciunt vero autem, deserunt eius?', '', 1558796944, 6),
(57, 'Zxmstcqjjs', 'Lorem ipsum dolor, sit amet consectetur adipisicing elit. Accusantium, nam repudiandae quae id quo asperiores, voluptatem repellat repellendus odio amet perspiciatis alias suscipit maiores quos nesciunt vero autem, deserunt eius?', '', 1558796944, 21),
(58, 'Udapefstml', 'Lorem ipsum dolor, sit amet consectetur adipisicing elit. Accusantium, nam repudiandae quae id quo asperiores, voluptatem repellat repellendus odio amet perspiciatis alias suscipit maiores quos nesciunt vero autem, deserunt eius?', '', 1558796944, 25),
(59, 'Nbvljxwyyo', 'Lorem ipsum dolor, sit amet consectetur adipisicing elit. Accusantium, nam repudiandae quae id quo asperiores, voluptatem repellat repellendus odio amet perspiciatis alias suscipit maiores quos nesciunt vero autem, deserunt eius?', '', 1558796944, 11),
(60, 'Mhnctpnvgq', 'Lorem ipsum dolor, sit amet consectetur adipisicing elit. Accusantium, nam repudiandae quae id quo asperiores, voluptatem repellat repellendus odio amet perspiciatis alias suscipit maiores quos nesciunt vero autem, deserunt eius?', '', 1558796944, 16),
(61, 'Hagxdvibwq', 'Lorem ipsum dolor, sit amet consectetur adipisicing elit. Accusantium, nam repudiandae quae id quo asperiores, voluptatem repellat repellendus odio amet perspiciatis alias suscipit maiores quos nesciunt vero autem, deserunt eius?', '', 1558796944, 27),
(62, 'Kshefrtxzv', 'Lorem ipsum dolor, sit amet consectetur adipisicing elit. Accusantium, nam repudiandae quae id quo asperiores, voluptatem repellat repellendus odio amet perspiciatis alias suscipit maiores quos nesciunt vero autem, deserunt eius?', '', 1558796944, 13),
(63, 'Yqrmqiiagv', 'Lorem ipsum dolor, sit amet consectetur adipisicing elit. Accusantium, nam repudiandae quae id quo asperiores, voluptatem repellat repellendus odio amet perspiciatis alias suscipit maiores quos nesciunt vero autem, deserunt eius?', '', 1558796944, 8),
(64, 'Slffhpoajo', 'Lorem ipsum dolor, sit amet consectetur adipisicing elit. Accusantium, nam repudiandae quae id quo asperiores, voluptatem repellat repellendus odio amet perspiciatis alias suscipit maiores quos nesciunt vero autem, deserunt eius?', '', 1558796944, 18),
(65, 'Ipvxlbqojs', 'Lorem ipsum dolor, sit amet consectetur adipisicing elit. Accusantium, nam repudiandae quae id quo asperiores, voluptatem repellat repellendus odio amet perspiciatis alias suscipit maiores quos nesciunt vero autem, deserunt eius?', '', 1558796944, 29),
(66, 'Jvngnhiiqw', 'Lorem ipsum dolor, sit amet consectetur adipisicing elit. Accusantium, nam repudiandae quae id quo asperiores, voluptatem repellat repellendus odio amet perspiciatis alias suscipit maiores quos nesciunt vero autem, deserunt eius?', '', 1558796944, 13),
(67, 'Otymvqmpbu', 'Lorem ipsum dolor, sit amet consectetur adipisicing elit. Accusantium, nam repudiandae quae id quo asperiores, voluptatem repellat repellendus odio amet perspiciatis alias suscipit maiores quos nesciunt vero autem, deserunt eius?', '', 1558796944, 23),
(68, 'Tifpuxdehr', 'Lorem ipsum dolor, sit amet consectetur adipisicing elit. Accusantium, nam repudiandae quae id quo asperiores, voluptatem repellat repellendus odio amet perspiciatis alias suscipit maiores quos nesciunt vero autem, deserunt eius?', '', 1558796944, 24),
(69, 'Aqibtocvop', 'Lorem ipsum dolor, sit amet consectetur adipisicing elit. Accusantium, nam repudiandae quae id quo asperiores, voluptatem repellat repellendus odio amet perspiciatis alias suscipit maiores quos nesciunt vero autem, deserunt eius?', '', 1558796944, 26),
(70, 'Fqndjcaphx', 'Lorem ipsum dolor, sit amet consectetur adipisicing elit. Accusantium, nam repudiandae quae id quo asperiores, voluptatem repellat repellendus odio amet perspiciatis alias suscipit maiores quos nesciunt vero autem, deserunt eius?', '', 1558796944, 24),
(71, 'Drrxdjtqgx', 'Lorem ipsum dolor, sit amet consectetur adipisicing elit. Accusantium, nam repudiandae quae id quo asperiores, voluptatem repellat repellendus odio amet perspiciatis alias suscipit maiores quos nesciunt vero autem, deserunt eius?', '', 1558796944, 6),
(72, 'Wuauzmrvbn', 'Lorem ipsum dolor, sit amet consectetur adipisicing elit. Accusantium, nam repudiandae quae id quo asperiores, voluptatem repellat repellendus odio amet perspiciatis alias suscipit maiores quos nesciunt vero autem, deserunt eius?', '', 1558796944, 26),
(73, 'Jaujcynrzv', 'Lorem ipsum dolor, sit amet consectetur adipisicing elit. Accusantium, nam repudiandae quae id quo asperiores, voluptatem repellat repellendus odio amet perspiciatis alias suscipit maiores quos nesciunt vero autem, deserunt eius?', '', 1558796944, 15),
(74, 'Drrlokfyah', 'Lorem ipsum dolor, sit amet consectetur adipisicing elit. Accusantium, nam repudiandae quae id quo asperiores, voluptatem repellat repellendus odio amet perspiciatis alias suscipit maiores quos nesciunt vero autem, deserunt eius?', '', 1558796944, 2),
(75, 'Ihearovpjb', 'Lorem ipsum dolor, sit amet consectetur adipisicing elit. Accusantium, nam repudiandae quae id quo asperiores, voluptatem repellat repellendus odio amet perspiciatis alias suscipit maiores quos nesciunt vero autem, deserunt eius?', '', 1558796944, 7),
(76, 'Tgsicpzapq', 'Lorem ipsum dolor, sit amet consectetur adipisicing elit. Accusantium, nam repudiandae quae id quo asperiores, voluptatem repellat repellendus odio amet perspiciatis alias suscipit maiores quos nesciunt vero autem, deserunt eius?', '', 1558796944, 17),
(77, 'Ihxjujptho', 'Lorem ipsum dolor, sit amet consectetur adipisicing elit. Accusantium, nam repudiandae quae id quo asperiores, voluptatem repellat repellendus odio amet perspiciatis alias suscipit maiores quos nesciunt vero autem, deserunt eius?', '', 1558796944, 14),
(78, 'Dkgoxdvyra', 'Lorem ipsum dolor, sit amet consectetur adipisicing elit. Accusantium, nam repudiandae quae id quo asperiores, voluptatem repellat repellendus odio amet perspiciatis alias suscipit maiores quos nesciunt vero autem, deserunt eius?', '', 1558796944, 23),
(79, 'Tglmbjtrym', 'Lorem ipsum dolor, sit amet consectetur adipisicing elit. Accusantium, nam repudiandae quae id quo asperiores, voluptatem repellat repellendus odio amet perspiciatis alias suscipit maiores quos nesciunt vero autem, deserunt eius?', '', 1558796944, 18),
(80, 'Xrwmsjhtxd', 'Lorem ipsum dolor, sit amet consectetur adipisicing elit. Accusantium, nam repudiandae quae id quo asperiores, voluptatem repellat repellendus odio amet perspiciatis alias suscipit maiores quos nesciunt vero autem, deserunt eius?', '', 1558796944, 11),
(81, 'Svpbrhtnjz', 'Lorem ipsum dolor, sit amet consectetur adipisicing elit. Accusantium, nam repudiandae quae id quo asperiores, voluptatem repellat repellendus odio amet perspiciatis alias suscipit maiores quos nesciunt vero autem, deserunt eius?', '', 1558796944, 10),
(82, 'Rciptjhguv', 'Lorem ipsum dolor, sit amet consectetur adipisicing elit. Accusantium, nam repudiandae quae id quo asperiores, voluptatem repellat repellendus odio amet perspiciatis alias suscipit maiores quos nesciunt vero autem, deserunt eius?', '', 1558796944, 21),
(83, 'Gxakjihhly', 'Lorem ipsum dolor, sit amet consectetur adipisicing elit. Accusantium, nam repudiandae quae id quo asperiores, voluptatem repellat repellendus odio amet perspiciatis alias suscipit maiores quos nesciunt vero autem, deserunt eius?', '', 1558796944, 23),
(84, 'Fskjiutpeb', 'Lorem ipsum dolor, sit amet consectetur adipisicing elit. Accusantium, nam repudiandae quae id quo asperiores, voluptatem repellat repellendus odio amet perspiciatis alias suscipit maiores quos nesciunt vero autem, deserunt eius?', '', 1558796944, 11),
(85, 'Tnoehzerxb', 'Lorem ipsum dolor, sit amet consectetur adipisicing elit. Accusantium, nam repudiandae quae id quo asperiores, voluptatem repellat repellendus odio amet perspiciatis alias suscipit maiores quos nesciunt vero autem, deserunt eius?', '', 1558796944, 11),
(86, 'Kemihyqlur', 'Lorem ipsum dolor, sit amet consectetur adipisicing elit. Accusantium, nam repudiandae quae id quo asperiores, voluptatem repellat repellendus odio amet perspiciatis alias suscipit maiores quos nesciunt vero autem, deserunt eius?', '', 1558796944, 3),
(87, 'Uclgfqrzvy', 'Lorem ipsum dolor, sit amet consectetur adipisicing elit. Accusantium, nam repudiandae quae id quo asperiores, voluptatem repellat repellendus odio amet perspiciatis alias suscipit maiores quos nesciunt vero autem, deserunt eius?', '', 1558796944, 25),
(88, 'Cbykgflkfm', 'Lorem ipsum dolor, sit amet consectetur adipisicing elit. Accusantium, nam repudiandae quae id quo asperiores, voluptatem repellat repellendus odio amet perspiciatis alias suscipit maiores quos nesciunt vero autem, deserunt eius?', '', 1558796944, 12),
(89, 'Sfmqnyreyx', 'Lorem ipsum dolor, sit amet consectetur adipisicing elit. Accusantium, nam repudiandae quae id quo asperiores, voluptatem repellat repellendus odio amet perspiciatis alias suscipit maiores quos nesciunt vero autem, deserunt eius?', '', 1558796944, 3),
(90, 'Jmqpavvbgt', 'Lorem ipsum dolor, sit amet consectetur adipisicing elit. Accusantium, nam repudiandae quae id quo asperiores, voluptatem repellat repellendus odio amet perspiciatis alias suscipit maiores quos nesciunt vero autem, deserunt eius?', '', 1558796944, 23),
(91, 'Npexmtdkbm', 'Lorem ipsum dolor, sit amet consectetur adipisicing elit. Accusantium, nam repudiandae quae id quo asperiores, voluptatem repellat repellendus odio amet perspiciatis alias suscipit maiores quos nesciunt vero autem, deserunt eius?', '', 1558796944, 30),
(92, 'Fkjxheyaor', 'Lorem ipsum dolor, sit amet consectetur adipisicing elit. Accusantium, nam repudiandae quae id quo asperiores, voluptatem repellat repellendus odio amet perspiciatis alias suscipit maiores quos nesciunt vero autem, deserunt eius?', '', 1558796944, 20),
(93, 'Vjzftnakxp', 'Lorem ipsum dolor, sit amet consectetur adipisicing elit. Accusantium, nam repudiandae quae id quo asperiores, voluptatem repellat repellendus odio amet perspiciatis alias suscipit maiores quos nesciunt vero autem, deserunt eius?', '', 1558796944, 24),
(94, 'Qkbvtgotxh', 'Lorem ipsum dolor, sit amet consectetur adipisicing elit. Accusantium, nam repudiandae quae id quo asperiores, voluptatem repellat repellendus odio amet perspiciatis alias suscipit maiores quos nesciunt vero autem, deserunt eius?', '', 1558796944, 14),
(95, 'Qkxfvrvaol', 'Lorem ipsum dolor, sit amet consectetur adipisicing elit. Accusantium, nam repudiandae quae id quo asperiores, voluptatem repellat repellendus odio amet perspiciatis alias suscipit maiores quos nesciunt vero autem, deserunt eius?', '', 1558796944, 6),
(96, 'Hfqzibefrn', 'Lorem ipsum dolor, sit amet consectetur adipisicing elit. Accusantium, nam repudiandae quae id quo asperiores, voluptatem repellat repellendus odio amet perspiciatis alias suscipit maiores quos nesciunt vero autem, deserunt eius?', '', 1558796944, 8),
(97, 'Qlozpfrtdc', 'Lorem ipsum dolor, sit amet consectetur adipisicing elit. Accusantium, nam repudiandae quae id quo asperiores, voluptatem repellat repellendus odio amet perspiciatis alias suscipit maiores quos nesciunt vero autem, deserunt eius?', '', 1558796944, 23),
(98, 'Zulfqjylkt', 'Lorem ipsum dolor, sit amet consectetur adipisicing elit. Accusantium, nam repudiandae quae id quo asperiores, voluptatem repellat repellendus odio amet perspiciatis alias suscipit maiores quos nesciunt vero autem, deserunt eius?', '', 1558796944, 2),
(99, 'Oitrufppmk', 'Lorem ipsum dolor, sit amet consectetur adipisicing elit. Accusantium, nam repudiandae quae id quo asperiores, voluptatem repellat repellendus odio amet perspiciatis alias suscipit maiores quos nesciunt vero autem, deserunt eius?', '', 1558796944, 19),
(100, 'Fzcxkrerzy', 'Lorem ipsum dolor, sit amet consectetur adipisicing elit. Accusantium, nam repudiandae quae id quo asperiores, voluptatem repellat repellendus odio amet perspiciatis alias suscipit maiores quos nesciunt vero autem, deserunt eius?', '', 1558796944, 14),
(101, 'Evcsfwkpja', 'Lorem ipsum dolor, sit amet consectetur adipisicing elit. Accusantium, nam repudiandae quae id quo asperiores, voluptatem repellat repellendus odio amet perspiciatis alias suscipit maiores quos nesciunt vero autem, deserunt eius?', '', 1558796945, 16),
(102, 'Kubijxaxey', 'Lorem ipsum dolor, sit amet consectetur adipisicing elit. Accusantium, nam repudiandae quae id quo asperiores, voluptatem repellat repellendus odio amet perspiciatis alias suscipit maiores quos nesciunt vero autem, deserunt eius?', '', 1558796945, 2),
(103, 'Xjmhbwdpgg', 'Lorem ipsum dolor, sit amet consectetur adipisicing elit. Accusantium, nam repudiandae quae id quo asperiores, voluptatem repellat repellendus odio amet perspiciatis alias suscipit maiores quos nesciunt vero autem, deserunt eius?', '', 1558796945, 5),
(104, 'Fjubrvdcun', 'Lorem ipsum dolor, sit amet consectetur adipisicing elit. Accusantium, nam repudiandae quae id quo asperiores, voluptatem repellat repellendus odio amet perspiciatis alias suscipit maiores quos nesciunt vero autem, deserunt eius?', '', 1558796945, 5),
(105, 'Pquhngmoxp', 'Lorem ipsum dolor, sit amet consectetur adipisicing elit. Accusantium, nam repudiandae quae id quo asperiores, voluptatem repellat repellendus odio amet perspiciatis alias suscipit maiores quos nesciunt vero autem, deserunt eius?', '', 1558796945, 9),
(106, 'Zqhxwdlymz', 'Lorem ipsum dolor, sit amet consectetur adipisicing elit. Accusantium, nam repudiandae quae id quo asperiores, voluptatem repellat repellendus odio amet perspiciatis alias suscipit maiores quos nesciunt vero autem, deserunt eius?', '', 1558796945, 25),
(107, 'Omotyvrxhk', 'Lorem ipsum dolor, sit amet consectetur adipisicing elit. Accusantium, nam repudiandae quae id quo asperiores, voluptatem repellat repellendus odio amet perspiciatis alias suscipit maiores quos nesciunt vero autem, deserunt eius?', '', 1558796945, 23),
(108, 'Jlhuopuwak', 'Lorem ipsum dolor, sit amet consectetur adipisicing elit. Accusantium, nam repudiandae quae id quo asperiores, voluptatem repellat repellendus odio amet perspiciatis alias suscipit maiores quos nesciunt vero autem, deserunt eius?', '', 1558796945, 12),
(109, 'Rqyzkzgvml', 'Lorem ipsum dolor, sit amet consectetur adipisicing elit. Accusantium, nam repudiandae quae id quo asperiores, voluptatem repellat repellendus odio amet perspiciatis alias suscipit maiores quos nesciunt vero autem, deserunt eius?', '', 1558796945, 7),
(110, 'Bnvliugynh', 'Lorem ipsum dolor, sit amet consectetur adipisicing elit. Accusantium, nam repudiandae quae id quo asperiores, voluptatem repellat repellendus odio amet perspiciatis alias suscipit maiores quos nesciunt vero autem, deserunt eius?', '', 1558796945, 13),
(111, 'Abzdbfhecj', 'Lorem ipsum dolor, sit amet consectetur adipisicing elit. Accusantium, nam repudiandae quae id quo asperiores, voluptatem repellat repellendus odio amet perspiciatis alias suscipit maiores quos nesciunt vero autem, deserunt eius?', '', 1558796945, 5),
(112, 'Hjevfwqeuz', 'Lorem ipsum dolor, sit amet consectetur adipisicing elit. Accusantium, nam repudiandae quae id quo asperiores, voluptatem repellat repellendus odio amet perspiciatis alias suscipit maiores quos nesciunt vero autem, deserunt eius?', '', 1558796945, 24),
(113, 'Njawwfvory', 'Lorem ipsum dolor, sit amet consectetur adipisicing elit. Accusantium, nam repudiandae quae id quo asperiores, voluptatem repellat repellendus odio amet perspiciatis alias suscipit maiores quos nesciunt vero autem, deserunt eius?', '', 1558796945, 22),
(114, 'Rwdzoyktjx', 'Lorem ipsum dolor, sit amet consectetur adipisicing elit. Accusantium, nam repudiandae quae id quo asperiores, voluptatem repellat repellendus odio amet perspiciatis alias suscipit maiores quos nesciunt vero autem, deserunt eius?', '', 1558796945, 16),
(115, 'Gewncsafdo', 'Lorem ipsum dolor, sit amet consectetur adipisicing elit. Accusantium, nam repudiandae quae id quo asperiores, voluptatem repellat repellendus odio amet perspiciatis alias suscipit maiores quos nesciunt vero autem, deserunt eius?', '', 1558796945, 9),
(116, 'Tgtiovlpse', 'Lorem ipsum dolor, sit amet consectetur adipisicing elit. Accusantium, nam repudiandae quae id quo asperiores, voluptatem repellat repellendus odio amet perspiciatis alias suscipit maiores quos nesciunt vero autem, deserunt eius?', '', 1558796945, 7),
(117, 'Hxjcgdszmw', 'Lorem ipsum dolor, sit amet consectetur adipisicing elit. Accusantium, nam repudiandae quae id quo asperiores, voluptatem repellat repellendus odio amet perspiciatis alias suscipit maiores quos nesciunt vero autem, deserunt eius?', '', 1558796945, 28),
(118, 'Mjgpczrwab', 'Lorem ipsum dolor, sit amet consectetur adipisicing elit. Accusantium, nam repudiandae quae id quo asperiores, voluptatem repellat repellendus odio amet perspiciatis alias suscipit maiores quos nesciunt vero autem, deserunt eius?', '', 1558796945, 2),
(119, 'Rsqdejnolv', 'Lorem ipsum dolor, sit amet consectetur adipisicing elit. Accusantium, nam repudiandae quae id quo asperiores, voluptatem repellat repellendus odio amet perspiciatis alias suscipit maiores quos nesciunt vero autem, deserunt eius?', '', 1558796945, 23),
(120, 'Mldrgjafee', 'Lorem ipsum dolor, sit amet consectetur adipisicing elit. Accusantium, nam repudiandae quae id quo asperiores, voluptatem repellat repellendus odio amet perspiciatis alias suscipit maiores quos nesciunt vero autem, deserunt eius?', '', 1558796945, 12),
(121, 'Qbvmjdoghb', 'Lorem ipsum dolor, sit amet consectetur adipisicing elit. Accusantium, nam repudiandae quae id quo asperiores, voluptatem repellat repellendus odio amet perspiciatis alias suscipit maiores quos nesciunt vero autem, deserunt eius?', '', 1558796945, 4),
(122, 'Dzlijluasn', 'Lorem ipsum dolor, sit amet consectetur adipisicing elit. Accusantium, nam repudiandae quae id quo asperiores, voluptatem repellat repellendus odio amet perspiciatis alias suscipit maiores quos nesciunt vero autem, deserunt eius?', '', 1558796945, 13),
(123, 'Kmifvhucpl', 'Lorem ipsum dolor, sit amet consectetur adipisicing elit. Accusantium, nam repudiandae quae id quo asperiores, voluptatem repellat repellendus odio amet perspiciatis alias suscipit maiores quos nesciunt vero autem, deserunt eius?', '', 1558796945, 28),
(124, 'Evqiwtuvzs', 'Lorem ipsum dolor, sit amet consectetur adipisicing elit. Accusantium, nam repudiandae quae id quo asperiores, voluptatem repellat repellendus odio amet perspiciatis alias suscipit maiores quos nesciunt vero autem, deserunt eius?', '', 1558796945, 5),
(125, 'Clrzksfikp', 'Lorem ipsum dolor, sit amet consectetur adipisicing elit. Accusantium, nam repudiandae quae id quo asperiores, voluptatem repellat repellendus odio amet perspiciatis alias suscipit maiores quos nesciunt vero autem, deserunt eius?', '', 1558796945, 8),
(126, 'Knjsvzendk', 'Lorem ipsum dolor, sit amet consectetur adipisicing elit. Accusantium, nam repudiandae quae id quo asperiores, voluptatem repellat repellendus odio amet perspiciatis alias suscipit maiores quos nesciunt vero autem, deserunt eius?', '', 1558796945, 11),
(127, 'Lzitsumavd', 'Lorem ipsum dolor, sit amet consectetur adipisicing elit. Accusantium, nam repudiandae quae id quo asperiores, voluptatem repellat repellendus odio amet perspiciatis alias suscipit maiores quos nesciunt vero autem, deserunt eius?', '', 1558796945, 17),
(128, 'Wliahvosko', 'Lorem ipsum dolor, sit amet consectetur adipisicing elit. Accusantium, nam repudiandae quae id quo asperiores, voluptatem repellat repellendus odio amet perspiciatis alias suscipit maiores quos nesciunt vero autem, deserunt eius?', '', 1558796945, 16),
(129, 'Rjwdfnkxse', 'Lorem ipsum dolor, sit amet consectetur adipisicing elit. Accusantium, nam repudiandae quae id quo asperiores, voluptatem repellat repellendus odio amet perspiciatis alias suscipit maiores quos nesciunt vero autem, deserunt eius?', '', 1558796945, 11),
(130, 'Xtagsfaeiu', 'Lorem ipsum dolor, sit amet consectetur adipisicing elit. Accusantium, nam repudiandae quae id quo asperiores, voluptatem repellat repellendus odio amet perspiciatis alias suscipit maiores quos nesciunt vero autem, deserunt eius?', '', 1558796945, 8),
(131, 'Qxjpbcgove', 'Lorem ipsum dolor, sit amet consectetur adipisicing elit. Accusantium, nam repudiandae quae id quo asperiores, voluptatem repellat repellendus odio amet perspiciatis alias suscipit maiores quos nesciunt vero autem, deserunt eius?', '', 1558796945, 20),
(132, 'Llsdmygfvw', 'Lorem ipsum dolor, sit amet consectetur adipisicing elit. Accusantium, nam repudiandae quae id quo asperiores, voluptatem repellat repellendus odio amet perspiciatis alias suscipit maiores quos nesciunt vero autem, deserunt eius?', '', 1558796945, 9),
(133, 'Isbjzglxqg', 'Lorem ipsum dolor, sit amet consectetur adipisicing elit. Accusantium, nam repudiandae quae id quo asperiores, voluptatem repellat repellendus odio amet perspiciatis alias suscipit maiores quos nesciunt vero autem, deserunt eius?', '', 1558796945, 26),
(134, 'Uebnksdlpf', 'Lorem ipsum dolor, sit amet consectetur adipisicing elit. Accusantium, nam repudiandae quae id quo asperiores, voluptatem repellat repellendus odio amet perspiciatis alias suscipit maiores quos nesciunt vero autem, deserunt eius?', '', 1558796945, 12),
(135, 'Gohyotmfck', 'Lorem ipsum dolor, sit amet consectetur adipisicing elit. Accusantium, nam repudiandae quae id quo asperiores, voluptatem repellat repellendus odio amet perspiciatis alias suscipit maiores quos nesciunt vero autem, deserunt eius?', '', 1558796945, 1),
(136, 'Pnugbexwqy', 'Lorem ipsum dolor, sit amet consectetur adipisicing elit. Accusantium, nam repudiandae quae id quo asperiores, voluptatem repellat repellendus odio amet perspiciatis alias suscipit maiores quos nesciunt vero autem, deserunt eius?', '', 1558796945, 10),
(137, 'Lhnruagdwm', 'Lorem ipsum dolor, sit amet consectetur adipisicing elit. Accusantium, nam repudiandae quae id quo asperiores, voluptatem repellat repellendus odio amet perspiciatis alias suscipit maiores quos nesciunt vero autem, deserunt eius?', '', 1558796945, 17),
(138, 'Bijkfmbrxc', 'Lorem ipsum dolor, sit amet consectetur adipisicing elit. Accusantium, nam repudiandae quae id quo asperiores, voluptatem repellat repellendus odio amet perspiciatis alias suscipit maiores quos nesciunt vero autem, deserunt eius?', '', 1558796945, 14),
(139, 'Flkjxmskql', 'Lorem ipsum dolor, sit amet consectetur adipisicing elit. Accusantium, nam repudiandae quae id quo asperiores, voluptatem repellat repellendus odio amet perspiciatis alias suscipit maiores quos nesciunt vero autem, deserunt eius?', '', 1558796945, 29),
(140, 'Hjiutxfokx', 'Lorem ipsum dolor, sit amet consectetur adipisicing elit. Accusantium, nam repudiandae quae id quo asperiores, voluptatem repellat repellendus odio amet perspiciatis alias suscipit maiores quos nesciunt vero autem, deserunt eius?', '', 1558796945, 8),
(141, 'Heuicdgjac', 'Lorem ipsum dolor, sit amet consectetur adipisicing elit. Accusantium, nam repudiandae quae id quo asperiores, voluptatem repellat repellendus odio amet perspiciatis alias suscipit maiores quos nesciunt vero autem, deserunt eius?', '', 1558796945, 2),
(142, 'Rbvqlwcnjf', 'Lorem ipsum dolor, sit amet consectetur adipisicing elit. Accusantium, nam repudiandae quae id quo asperiores, voluptatem repellat repellendus odio amet perspiciatis alias suscipit maiores quos nesciunt vero autem, deserunt eius?', '', 1558796945, 5),
(143, 'Djwgneerqn', 'Lorem ipsum dolor, sit amet consectetur adipisicing elit. Accusantium, nam repudiandae quae id quo asperiores, voluptatem repellat repellendus odio amet perspiciatis alias suscipit maiores quos nesciunt vero autem, deserunt eius?', '', 1558796945, 14),
(144, 'Pybniaizer', 'Lorem ipsum dolor, sit amet consectetur adipisicing elit. Accusantium, nam repudiandae quae id quo asperiores, voluptatem repellat repellendus odio amet perspiciatis alias suscipit maiores quos nesciunt vero autem, deserunt eius?', '', 1558796945, 7),
(145, 'Cmwpbewtln', 'Lorem ipsum dolor, sit amet consectetur adipisicing elit. Accusantium, nam repudiandae quae id quo asperiores, voluptatem repellat repellendus odio amet perspiciatis alias suscipit maiores quos nesciunt vero autem, deserunt eius?', '', 1558796945, 24),
(146, 'Vxfrdgczkc', 'Lorem ipsum dolor, sit amet consectetur adipisicing elit. Accusantium, nam repudiandae quae id quo asperiores, voluptatem repellat repellendus odio amet perspiciatis alias suscipit maiores quos nesciunt vero autem, deserunt eius?', '', 1558796945, 6),
(147, 'Ubkhdbqyal', 'Lorem ipsum dolor, sit amet consectetur adipisicing elit. Accusantium, nam repudiandae quae id quo asperiores, voluptatem repellat repellendus odio amet perspiciatis alias suscipit maiores quos nesciunt vero autem, deserunt eius?', '', 1558796945, 22),
(148, 'Kswydagxnl', 'Lorem ipsum dolor, sit amet consectetur adipisicing elit. Accusantium, nam repudiandae quae id quo asperiores, voluptatem repellat repellendus odio amet perspiciatis alias suscipit maiores quos nesciunt vero autem, deserunt eius?', '', 1558796945, 2),
(149, 'Cprytxcxlk', 'Lorem ipsum dolor, sit amet consectetur adipisicing elit. Accusantium, nam repudiandae quae id quo asperiores, voluptatem repellat repellendus odio amet perspiciatis alias suscipit maiores quos nesciunt vero autem, deserunt eius?', '', 1558796945, 18),
(150, 'Mvbpgcfwbq', 'Lorem ipsum dolor, sit amet consectetur adipisicing elit. Accusantium, nam repudiandae quae id quo asperiores, voluptatem repellat repellendus odio amet perspiciatis alias suscipit maiores quos nesciunt vero autem, deserunt eius?', '', 1558796945, 24),
(151, 'Pjcmoufygz', 'Lorem ipsum dolor, sit amet consectetur adipisicing elit. Accusantium, nam repudiandae quae id quo asperiores, voluptatem repellat repellendus odio amet perspiciatis alias suscipit maiores quos nesciunt vero autem, deserunt eius?', '', 1558796945, 25),
(152, 'Uviefqpmtw', 'Lorem ipsum dolor, sit amet consectetur adipisicing elit. Accusantium, nam repudiandae quae id quo asperiores, voluptatem repellat repellendus odio amet perspiciatis alias suscipit maiores quos nesciunt vero autem, deserunt eius?', '', 1558796945, 7),
(153, 'Wqvkfyneac', 'Lorem ipsum dolor, sit amet consectetur adipisicing elit. Accusantium, nam repudiandae quae id quo asperiores, voluptatem repellat repellendus odio amet perspiciatis alias suscipit maiores quos nesciunt vero autem, deserunt eius?', '', 1558796945, 13),
(154, 'Jpfskapdof', 'Lorem ipsum dolor, sit amet consectetur adipisicing elit. Accusantium, nam repudiandae quae id quo asperiores, voluptatem repellat repellendus odio amet perspiciatis alias suscipit maiores quos nesciunt vero autem, deserunt eius?', '', 1558796945, 10),
(155, 'Wzcmwvxdnn', 'Lorem ipsum dolor, sit amet consectetur adipisicing elit. Accusantium, nam repudiandae quae id quo asperiores, voluptatem repellat repellendus odio amet perspiciatis alias suscipit maiores quos nesciunt vero autem, deserunt eius?', '', 1558796945, 27),
(156, 'Nyxthendjv', 'Lorem ipsum dolor, sit amet consectetur adipisicing elit. Accusantium, nam repudiandae quae id quo asperiores, voluptatem repellat repellendus odio amet perspiciatis alias suscipit maiores quos nesciunt vero autem, deserunt eius?', '', 1558796945, 10),
(157, 'Mvzudlypiw', 'Lorem ipsum dolor, sit amet consectetur adipisicing elit. Accusantium, nam repudiandae quae id quo asperiores, voluptatem repellat repellendus odio amet perspiciatis alias suscipit maiores quos nesciunt vero autem, deserunt eius?', '', 1558796945, 10),
(158, 'Aupgmthtqx', 'Lorem ipsum dolor, sit amet consectetur adipisicing elit. Accusantium, nam repudiandae quae id quo asperiores, voluptatem repellat repellendus odio amet perspiciatis alias suscipit maiores quos nesciunt vero autem, deserunt eius?', '', 1558796945, 10),
(159, 'Ouicctjsbz', 'Lorem ipsum dolor, sit amet consectetur adipisicing elit. Accusantium, nam repudiandae quae id quo asperiores, voluptatem repellat repellendus odio amet perspiciatis alias suscipit maiores quos nesciunt vero autem, deserunt eius?', '', 1558796945, 20),
(160, 'Nvwtvqajpn', 'Lorem ipsum dolor, sit amet consectetur adipisicing elit. Accusantium, nam repudiandae quae id quo asperiores, voluptatem repellat repellendus odio amet perspiciatis alias suscipit maiores quos nesciunt vero autem, deserunt eius?', '', 1558796945, 15),
(161, 'Gdoplrwbug', 'Lorem ipsum dolor, sit amet consectetur adipisicing elit. Accusantium, nam repudiandae quae id quo asperiores, voluptatem repellat repellendus odio amet perspiciatis alias suscipit maiores quos nesciunt vero autem, deserunt eius?', '', 1558796945, 11),
(162, 'Fjzudrxamh', 'Lorem ipsum dolor, sit amet consectetur adipisicing elit. Accusantium, nam repudiandae quae id quo asperiores, voluptatem repellat repellendus odio amet perspiciatis alias suscipit maiores quos nesciunt vero autem, deserunt eius?', '', 1558796945, 20),
(163, 'Klvptyqyrh', 'Lorem ipsum dolor, sit amet consectetur adipisicing elit. Accusantium, nam repudiandae quae id quo asperiores, voluptatem repellat repellendus odio amet perspiciatis alias suscipit maiores quos nesciunt vero autem, deserunt eius?', '', 1558796945, 10),
(164, 'Ttampljndz', 'Lorem ipsum dolor, sit amet consectetur adipisicing elit. Accusantium, nam repudiandae quae id quo asperiores, voluptatem repellat repellendus odio amet perspiciatis alias suscipit maiores quos nesciunt vero autem, deserunt eius?', '', 1558796945, 23),
(165, 'Dgiyjehrqs', 'Lorem ipsum dolor, sit amet consectetur adipisicing elit. Accusantium, nam repudiandae quae id quo asperiores, voluptatem repellat repellendus odio amet perspiciatis alias suscipit maiores quos nesciunt vero autem, deserunt eius?', '', 1558796945, 7),
(166, 'Epkxrdmjih', 'Lorem ipsum dolor, sit amet consectetur adipisicing elit. Accusantium, nam repudiandae quae id quo asperiores, voluptatem repellat repellendus odio amet perspiciatis alias suscipit maiores quos nesciunt vero autem, deserunt eius?', '', 1558796945, 24),
(167, 'Comqggnvkd', 'Lorem ipsum dolor, sit amet consectetur adipisicing elit. Accusantium, nam repudiandae quae id quo asperiores, voluptatem repellat repellendus odio amet perspiciatis alias suscipit maiores quos nesciunt vero autem, deserunt eius?', '', 1558796945, 26),
(168, 'Sytgbmfynu', 'Lorem ipsum dolor, sit amet consectetur adipisicing elit. Accusantium, nam repudiandae quae id quo asperiores, voluptatem repellat repellendus odio amet perspiciatis alias suscipit maiores quos nesciunt vero autem, deserunt eius?', '', 1558796945, 5),
(169, 'Ehizdjgukc', 'Lorem ipsum dolor, sit amet consectetur adipisicing elit. Accusantium, nam repudiandae quae id quo asperiores, voluptatem repellat repellendus odio amet perspiciatis alias suscipit maiores quos nesciunt vero autem, deserunt eius?', '', 1558796945, 19),
(170, 'Sfgfrinmze', 'Lorem ipsum dolor, sit amet consectetur adipisicing elit. Accusantium, nam repudiandae quae id quo asperiores, voluptatem repellat repellendus odio amet perspiciatis alias suscipit maiores quos nesciunt vero autem, deserunt eius?', '', 1558796945, 24),
(171, 'Edknlscwfp', 'Lorem ipsum dolor, sit amet consectetur adipisicing elit. Accusantium, nam repudiandae quae id quo asperiores, voluptatem repellat repellendus odio amet perspiciatis alias suscipit maiores quos nesciunt vero autem, deserunt eius?', '', 1558796945, 9),
(172, 'Qjissotdyz', 'Lorem ipsum dolor, sit amet consectetur adipisicing elit. Accusantium, nam repudiandae quae id quo asperiores, voluptatem repellat repellendus odio amet perspiciatis alias suscipit maiores quos nesciunt vero autem, deserunt eius?', '', 1558796945, 17),
(173, 'Rzyxnplzao', 'Lorem ipsum dolor, sit amet consectetur adipisicing elit. Accusantium, nam repudiandae quae id quo asperiores, voluptatem repellat repellendus odio amet perspiciatis alias suscipit maiores quos nesciunt vero autem, deserunt eius?', '', 1558796945, 13),
(174, 'Rmkcqaoyub', 'Lorem ipsum dolor, sit amet consectetur adipisicing elit. Accusantium, nam repudiandae quae id quo asperiores, voluptatem repellat repellendus odio amet perspiciatis alias suscipit maiores quos nesciunt vero autem, deserunt eius?', '', 1558796945, 13),
(175, 'Oyyxcnfulr', 'Lorem ipsum dolor, sit amet consectetur adipisicing elit. Accusantium, nam repudiandae quae id quo asperiores, voluptatem repellat repellendus odio amet perspiciatis alias suscipit maiores quos nesciunt vero autem, deserunt eius?', '', 1558796945, 10),
(176, 'Hivdtcilkz', 'Lorem ipsum dolor, sit amet consectetur adipisicing elit. Accusantium, nam repudiandae quae id quo asperiores, voluptatem repellat repellendus odio amet perspiciatis alias suscipit maiores quos nesciunt vero autem, deserunt eius?', '', 1558796945, 19),
(177, 'Yfdlrgfxeh', 'Lorem ipsum dolor, sit amet consectetur adipisicing elit. Accusantium, nam repudiandae quae id quo asperiores, voluptatem repellat repellendus odio amet perspiciatis alias suscipit maiores quos nesciunt vero autem, deserunt eius?', '', 1558796945, 28),
(178, 'Phwrldecus', 'Lorem ipsum dolor, sit amet consectetur adipisicing elit. Accusantium, nam repudiandae quae id quo asperiores, voluptatem repellat repellendus odio amet perspiciatis alias suscipit maiores quos nesciunt vero autem, deserunt eius?', '', 1558796945, 25),
(179, 'Kwnqorlfxs', 'Lorem ipsum dolor, sit amet consectetur adipisicing elit. Accusantium, nam repudiandae quae id quo asperiores, voluptatem repellat repellendus odio amet perspiciatis alias suscipit maiores quos nesciunt vero autem, deserunt eius?', '', 1558796946, 20),
(180, 'Ghequtpjuz', 'Lorem ipsum dolor, sit amet consectetur adipisicing elit. Accusantium, nam repudiandae quae id quo asperiores, voluptatem repellat repellendus odio amet perspiciatis alias suscipit maiores quos nesciunt vero autem, deserunt eius?', '', 1558796946, 24),
(181, 'Aezfxjeyfi', 'Lorem ipsum dolor, sit amet consectetur adipisicing elit. Accusantium, nam repudiandae quae id quo asperiores, voluptatem repellat repellendus odio amet perspiciatis alias suscipit maiores quos nesciunt vero autem, deserunt eius?', '', 1558796946, 24),
(182, 'Quthoehedk', 'Lorem ipsum dolor, sit amet consectetur adipisicing elit. Accusantium, nam repudiandae quae id quo asperiores, voluptatem repellat repellendus odio amet perspiciatis alias suscipit maiores quos nesciunt vero autem, deserunt eius?', '', 1558796946, 4),
(183, 'Rpodlthnwl', 'Lorem ipsum dolor, sit amet consectetur adipisicing elit. Accusantium, nam repudiandae quae id quo asperiores, voluptatem repellat repellendus odio amet perspiciatis alias suscipit maiores quos nesciunt vero autem, deserunt eius?', '', 1558796946, 15);
INSERT INTO `booktbl` (`book_id`, `book_name`, `book_description`, `book_image`, `publish_date`, `section_id`) VALUES
(184, 'Hvkdnvrcxy', 'Lorem ipsum dolor, sit amet consectetur adipisicing elit. Accusantium, nam repudiandae quae id quo asperiores, voluptatem repellat repellendus odio amet perspiciatis alias suscipit maiores quos nesciunt vero autem, deserunt eius?', '', 1558796946, 26),
(185, 'Qwderhpvms', 'Lorem ipsum dolor, sit amet consectetur adipisicing elit. Accusantium, nam repudiandae quae id quo asperiores, voluptatem repellat repellendus odio amet perspiciatis alias suscipit maiores quos nesciunt vero autem, deserunt eius?', '', 1558796946, 23),
(186, 'Kftticlmce', 'Lorem ipsum dolor, sit amet consectetur adipisicing elit. Accusantium, nam repudiandae quae id quo asperiores, voluptatem repellat repellendus odio amet perspiciatis alias suscipit maiores quos nesciunt vero autem, deserunt eius?', '', 1558796946, 12),
(187, 'Lcebfkqqzk', 'Lorem ipsum dolor, sit amet consectetur adipisicing elit. Accusantium, nam repudiandae quae id quo asperiores, voluptatem repellat repellendus odio amet perspiciatis alias suscipit maiores quos nesciunt vero autem, deserunt eius?', '', 1558796946, 27),
(188, 'Gvwjizdykw', 'Lorem ipsum dolor, sit amet consectetur adipisicing elit. Accusantium, nam repudiandae quae id quo asperiores, voluptatem repellat repellendus odio amet perspiciatis alias suscipit maiores quos nesciunt vero autem, deserunt eius?', '', 1558796946, 2),
(189, 'Erkghvuhjp', 'Lorem ipsum dolor, sit amet consectetur adipisicing elit. Accusantium, nam repudiandae quae id quo asperiores, voluptatem repellat repellendus odio amet perspiciatis alias suscipit maiores quos nesciunt vero autem, deserunt eius?', '', 1558796946, 10),
(190, 'Hzdjmxgaqo', 'Lorem ipsum dolor, sit amet consectetur adipisicing elit. Accusantium, nam repudiandae quae id quo asperiores, voluptatem repellat repellendus odio amet perspiciatis alias suscipit maiores quos nesciunt vero autem, deserunt eius?', '', 1558796946, 14),
(191, 'Gkmuahzfqw', 'Lorem ipsum dolor, sit amet consectetur adipisicing elit. Accusantium, nam repudiandae quae id quo asperiores, voluptatem repellat repellendus odio amet perspiciatis alias suscipit maiores quos nesciunt vero autem, deserunt eius?', '', 1558796946, 25),
(192, 'Syztrfbojs', 'Lorem ipsum dolor, sit amet consectetur adipisicing elit. Accusantium, nam repudiandae quae id quo asperiores, voluptatem repellat repellendus odio amet perspiciatis alias suscipit maiores quos nesciunt vero autem, deserunt eius?', '', 1558796946, 21),
(193, 'Ntupyprixo', 'Lorem ipsum dolor, sit amet consectetur adipisicing elit. Accusantium, nam repudiandae quae id quo asperiores, voluptatem repellat repellendus odio amet perspiciatis alias suscipit maiores quos nesciunt vero autem, deserunt eius?', '', 1558796946, 17),
(194, 'Kolrqbazec', 'Lorem ipsum dolor, sit amet consectetur adipisicing elit. Accusantium, nam repudiandae quae id quo asperiores, voluptatem repellat repellendus odio amet perspiciatis alias suscipit maiores quos nesciunt vero autem, deserunt eius?', '', 1558796946, 12),
(195, 'Iskwmjcuwh', 'Lorem ipsum dolor, sit amet consectetur adipisicing elit. Accusantium, nam repudiandae quae id quo asperiores, voluptatem repellat repellendus odio amet perspiciatis alias suscipit maiores quos nesciunt vero autem, deserunt eius?', '', 1558796946, 28),
(196, 'Sdbzokqtsb', 'Lorem ipsum dolor, sit amet consectetur adipisicing elit. Accusantium, nam repudiandae quae id quo asperiores, voluptatem repellat repellendus odio amet perspiciatis alias suscipit maiores quos nesciunt vero autem, deserunt eius?', '', 1558796946, 24),
(197, 'Upovswsucj', 'Lorem ipsum dolor, sit amet consectetur adipisicing elit. Accusantium, nam repudiandae quae id quo asperiores, voluptatem repellat repellendus odio amet perspiciatis alias suscipit maiores quos nesciunt vero autem, deserunt eius?', '', 1558796946, 27),
(198, 'Udlkgxryea', 'Lorem ipsum dolor, sit amet consectetur adipisicing elit. Accusantium, nam repudiandae quae id quo asperiores, voluptatem repellat repellendus odio amet perspiciatis alias suscipit maiores quos nesciunt vero autem, deserunt eius?', '', 1558796946, 23),
(199, 'Vicmahvbnt', 'Lorem ipsum dolor, sit amet consectetur adipisicing elit. Accusantium, nam repudiandae quae id quo asperiores, voluptatem repellat repellendus odio amet perspiciatis alias suscipit maiores quos nesciunt vero autem, deserunt eius?', '', 1558796946, 8),
(200, 'Xvprsutouj', 'Lorem ipsum dolor, sit amet consectetur adipisicing elit. Accusantium, nam repudiandae quae id quo asperiores, voluptatem repellat repellendus odio amet perspiciatis alias suscipit maiores quos nesciunt vero autem, deserunt eius?', '', 1558796946, 24);

-- --------------------------------------------------------

--
-- Table structure for table `itembooktbl`
--

DROP TABLE IF EXISTS `itembooktbl`;
CREATE TABLE `itembooktbl` (
  `itembook_id` int(11) NOT NULL,
  `book_id` int(11) NOT NULL,
  `book_code` varchar(255) NOT NULL,
  `status` int(11) NOT NULL,
  `created_at` int(11) NOT NULL
) ENGINE=InnoDB DEFAULT CHARSET=latin1;

--
-- Truncate table before insert `itembooktbl`
--

TRUNCATE TABLE `itembooktbl`;
--
-- Dumping data for table `itembooktbl`
--

INSERT INTO `itembooktbl` (`itembook_id`, `book_id`, `book_code`, `status`, `created_at`) VALUES
(1, 1, '001', 1, 1561388943),
(2, 1, '002', 1, 1561388943),
(3, 1, '003', 1, 1561388943),
(4, 1, '004', 1, 1561388943),
(5, 2, '001', 1, 1561388943),
(6, 2, '002', 1, 1561388943),
(7, 2, '003', 1, 1561388943),
(8, 2, '004', 1, 1561388943),
(9, 3, '001', 1, 1561388943),
(10, 3, '002', 1, 1561388943),
(11, 3, '003', 1, 1561388943),
(12, 3, '004', 1, 1561388943),
(13, 4, '001', 1, 1561388943),
(14, 4, '002', 1, 1561388943),
(15, 4, '003', 1, 1561388943),
(16, 4, '004', 1, 1561388943),
(17, 5, '001', 1, 1561388943),
(18, 5, '002', 1, 1561388943),
(19, 5, '003', 1, 1561388943),
(20, 5, '004', 1, 1561388943),
(21, 6, '001', 1, 1561388943),
(22, 6, '002', 1, 1561388943),
(23, 6, '003', 1, 1561388943),
(24, 6, '004', 1, 1561388943),
(25, 7, '005', 1, 1561388944),
(26, 7, '006', 1, 1561388944),
(27, 7, '007', 1, 1561388944),
(28, 7, '008', 1, 1561388944),
(29, 8, '001', 1, 1561388944),
(30, 8, '002', 1, 1561388944),
(31, 8, '003', 1, 1561388944),
(32, 8, '004', 1, 1561388944),
(33, 9, '001', 1, 1561388944),
(34, 9, '002', 1, 1561388944),
(35, 9, '003', 1, 1561388944),
(36, 9, '004', 1, 1561388944),
(37, 10, '001', 1, 1561388944),
(38, 10, '002', 1, 1561388944),
(39, 10, '003', 1, 1561388944),
(40, 10, '004', 1, 1561388944),
(41, 11, '001', 1, 1561388944),
(42, 11, '002', 1, 1561388944),
(43, 11, '003', 1, 1561388944),
(44, 11, '004', 1, 1561388944),
(45, 12, '001', 1, 1561388944),
(46, 12, '002', 1, 1561388944),
(47, 12, '003', 1, 1561388944),
(48, 12, '004', 1, 1561388944),
(49, 13, '001', 1, 1561388944),
(50, 13, '002', 1, 1561388944),
(51, 13, '003', 1, 1561388944),
(52, 13, '004', 1, 1561388944),
(53, 14, '005', 1, 1561388944),
(54, 14, '006', 1, 1561388944),
(55, 14, '007', 1, 1561388944),
(56, 14, '008', 1, 1561388944),
(57, 15, '005', 1, 1561388944),
(58, 15, '006', 1, 1561388944),
(59, 15, '007', 1, 1561388944),
(60, 15, '008', 1, 1561388944),
(61, 16, '001', 1, 1561388944),
(62, 16, '002', 1, 1561388944),
(63, 16, '003', 1, 1561388944),
(64, 16, '004', 1, 1561388944),
(65, 17, '005', 1, 1561388944),
(66, 17, '006', 1, 1561388944),
(67, 17, '007', 1, 1561388944),
(68, 17, '008', 1, 1561388944),
(69, 18, '001', 1, 1561388944),
(70, 18, '002', 1, 1561388944),
(71, 18, '003', 1, 1561388944),
(72, 18, '004', 1, 1561388944),
(73, 19, '009', 1, 1561388944),
(74, 19, '010', 1, 1561388944),
(75, 19, '011', 1, 1561388944),
(76, 19, '012', 1, 1561388944),
(77, 20, '001', 1, 1561388944),
(78, 20, '002', 1, 1561388944),
(79, 20, '003', 1, 1561388944),
(80, 20, '004', 1, 1561388944),
(81, 21, '001', 1, 1561388944),
(82, 21, '002', 1, 1561388944),
(83, 21, '003', 1, 1561388944),
(84, 21, '004', 1, 1561388944),
(85, 22, '001', 1, 1561388944),
(86, 22, '002', 1, 1561388944),
(87, 22, '003', 1, 1561388944),
(88, 22, '004', 1, 1561388944),
(89, 23, '001', 1, 1561388944),
(90, 23, '002', 1, 1561388944),
(91, 23, '003', 1, 1561388944),
(92, 23, '004', 1, 1561388944),
(93, 24, '005', 1, 1561388944),
(94, 24, '006', 1, 1561388944),
(95, 24, '007', 1, 1561388944),
(96, 24, '008', 1, 1561388944),
(97, 25, '001', 1, 1561388944),
(98, 25, '002', 1, 1561388944),
(99, 25, '003', 1, 1561388944),
(100, 25, '004', 1, 1561388944),
(101, 26, '005', 1, 1561388944),
(102, 26, '006', 1, 1561388944),
(103, 26, '007', 1, 1561388944),
(104, 26, '008', 1, 1561388944),
(105, 27, '005', 1, 1561388944),
(106, 27, '006', 1, 1561388944),
(107, 27, '007', 1, 1561388944),
(108, 27, '008', 1, 1561388944),
(109, 28, '001', 1, 1561388944),
(110, 28, '002', 1, 1561388944),
(111, 28, '003', 1, 1561388944),
(112, 28, '004', 1, 1561388944),
(113, 29, '009', 1, 1561388944),
(114, 29, '010', 1, 1561388944),
(115, 29, '011', 1, 1561388944),
(116, 29, '012', 1, 1561388944),
(117, 30, '005', 1, 1561388944),
(118, 30, '006', 1, 1561388944),
(119, 30, '007', 1, 1561388944),
(120, 30, '008', 1, 1561388944),
(121, 31, '005', 1, 1561388944),
(122, 31, '006', 1, 1561388944),
(123, 31, '007', 1, 1561388944),
(124, 31, '008', 1, 1561388944),
(125, 32, '009', 1, 1561388944),
(126, 32, '010', 1, 1561388944),
(127, 32, '011', 1, 1561388944),
(128, 32, '012', 1, 1561388944),
(129, 33, '013', 1, 1561388944),
(130, 33, '014', 1, 1561388944),
(131, 33, '015', 1, 1561388944),
(132, 33, '016', 1, 1561388944),
(133, 34, '001', 1, 1561388944),
(134, 34, '002', 1, 1561388944),
(135, 34, '003', 1, 1561388944),
(136, 34, '004', 1, 1561388944),
(137, 35, '005', 1, 1561388944),
(138, 35, '006', 1, 1561388944),
(139, 35, '007', 1, 1561388944),
(140, 35, '008', 1, 1561388944),
(141, 36, '009', 1, 1561388944),
(142, 36, '010', 1, 1561388944),
(143, 36, '011', 1, 1561388944),
(144, 36, '012', 1, 1561388944),
(145, 37, '005', 1, 1561388944),
(146, 37, '006', 1, 1561388944),
(147, 37, '007', 1, 1561388944),
(148, 37, '008', 1, 1561388944),
(149, 38, '009', 1, 1561388944),
(150, 38, '010', 1, 1561388944),
(151, 38, '011', 1, 1561388944),
(152, 38, '012', 1, 1561388944),
(153, 39, '005', 1, 1561388944),
(154, 39, '006', 1, 1561388944),
(155, 39, '007', 1, 1561388944),
(156, 39, '008', 1, 1561388944),
(157, 40, '005', 1, 1561388944),
(158, 40, '006', 1, 1561388944),
(159, 40, '007', 1, 1561388944),
(160, 40, '008', 1, 1561388944),
(161, 41, '005', 1, 1561388944),
(162, 41, '006', 1, 1561388944),
(163, 41, '007', 1, 1561388944),
(164, 41, '008', 1, 1561388944),
(165, 42, '001', 1, 1561388944),
(166, 42, '002', 1, 1561388944),
(167, 42, '003', 1, 1561388944),
(168, 42, '004', 1, 1561388944),
(169, 43, '009', 1, 1561388944),
(170, 43, '010', 1, 1561388944),
(171, 43, '011', 1, 1561388944),
(172, 43, '012', 1, 1561388944),
(173, 44, '013', 1, 1561388944),
(174, 44, '014', 1, 1561388944),
(175, 44, '015', 1, 1561388944),
(176, 44, '016', 1, 1561388944),
(177, 45, '009', 1, 1561388944),
(178, 45, '010', 1, 1561388944),
(179, 45, '011', 1, 1561388944),
(180, 45, '012', 1, 1561388944),
(181, 46, '005', 1, 1561388944),
(182, 46, '006', 1, 1561388944),
(183, 46, '007', 1, 1561388944),
(184, 46, '008', 1, 1561388944),
(185, 47, '005', 1, 1561388944),
(186, 47, '006', 1, 1561388944),
(187, 47, '007', 1, 1561388944),
(188, 47, '008', 1, 1561388944),
(189, 48, '009', 1, 1561388944),
(190, 48, '010', 1, 1561388944),
(191, 48, '011', 1, 1561388944),
(192, 48, '012', 1, 1561388944),
(193, 49, '009', 1, 1561388944),
(194, 49, '010', 1, 1561388944),
(195, 49, '011', 1, 1561388944),
(196, 49, '012', 1, 1561388944),
(197, 50, '017', 1, 1561388944),
(198, 50, '018', 1, 1561388944),
(199, 50, '019', 1, 1561388944),
(200, 50, '020', 1, 1561388944),
(201, 51, '009', 1, 1561388944),
(202, 51, '010', 1, 1561388944),
(203, 51, '011', 1, 1561388944),
(204, 51, '012', 1, 1561388944),
(205, 52, '001', 1, 1561388944),
(206, 52, '002', 1, 1561388944),
(207, 52, '003', 1, 1561388944),
(208, 52, '004', 1, 1561388944),
(209, 53, '001', 1, 1561388944),
(210, 53, '002', 1, 1561388944),
(211, 53, '003', 1, 1561388944),
(212, 53, '004', 1, 1561388944),
(213, 54, '013', 1, 1561388944),
(214, 54, '014', 1, 1561388944),
(215, 54, '015', 1, 1561388944),
(216, 54, '016', 1, 1561388944),
(217, 55, '009', 1, 1561388944),
(218, 55, '010', 1, 1561388944),
(219, 55, '011', 1, 1561388944),
(220, 55, '012', 1, 1561388944),
(221, 56, '009', 1, 1561388944),
(222, 56, '010', 1, 1561388944),
(223, 56, '011', 1, 1561388944),
(224, 56, '012', 1, 1561388944),
(225, 57, '001', 1, 1561388944),
(226, 57, '002', 1, 1561388944),
(227, 57, '003', 1, 1561388944),
(228, 57, '004', 1, 1561388944),
(229, 58, '009', 1, 1561388944),
(230, 58, '010', 1, 1561388944),
(231, 58, '011', 1, 1561388944),
(232, 58, '012', 1, 1561388944),
(233, 59, '013', 1, 1561388944),
(234, 59, '014', 1, 1561388944),
(235, 59, '015', 1, 1561388944),
(236, 59, '016', 1, 1561388944),
(237, 60, '005', 1, 1561388944),
(238, 60, '006', 1, 1561388944),
(239, 60, '007', 1, 1561388944),
(240, 60, '008', 1, 1561388944),
(241, 61, '009', 1, 1561388944),
(242, 61, '010', 1, 1561388944),
(243, 61, '011', 1, 1561388944),
(244, 61, '012', 1, 1561388944),
(245, 62, '005', 1, 1561388944),
(246, 62, '006', 1, 1561388944),
(247, 62, '007', 1, 1561388944),
(248, 62, '008', 1, 1561388944),
(249, 63, '001', 1, 1561388944),
(250, 63, '002', 1, 1561388944),
(251, 63, '003', 1, 1561388944),
(252, 63, '004', 1, 1561388944),
(253, 64, '009', 1, 1561388944),
(254, 64, '010', 1, 1561388944),
(255, 64, '011', 1, 1561388944),
(256, 64, '012', 1, 1561388944),
(257, 65, '013', 1, 1561388944),
(258, 65, '014', 1, 1561388944),
(259, 65, '015', 1, 1561388944),
(260, 65, '016', 1, 1561388944),
(261, 66, '009', 1, 1561388944),
(262, 66, '010', 1, 1561388944),
(263, 66, '011', 1, 1561388944),
(264, 66, '012', 1, 1561388944),
(265, 67, '005', 1, 1561388944),
(266, 67, '006', 1, 1561388944),
(267, 67, '007', 1, 1561388944),
(268, 67, '008', 1, 1561388944),
(269, 68, '017', 1, 1561388944),
(270, 68, '018', 1, 1561388944),
(271, 68, '019', 1, 1561388944),
(272, 68, '020', 1, 1561388944),
(273, 69, '013', 1, 1561388944),
(274, 69, '014', 1, 1561388944),
(275, 69, '015', 1, 1561388944),
(276, 69, '016', 1, 1561388944),
(277, 70, '021', 1, 1561388944),
(278, 70, '022', 1, 1561388944),
(279, 70, '023', 1, 1561388944),
(280, 70, '024', 1, 1561388944),
(281, 71, '013', 1, 1561388944),
(282, 71, '014', 1, 1561388944),
(283, 71, '015', 1, 1561388944),
(284, 71, '016', 1, 1561388944),
(285, 72, '017', 1, 1561388944),
(286, 72, '018', 1, 1561388944),
(287, 72, '019', 1, 1561388944),
(288, 72, '020', 1, 1561388944),
(289, 73, '005', 1, 1561388944),
(290, 73, '006', 1, 1561388944),
(291, 73, '007', 1, 1561388944),
(292, 73, '008', 1, 1561388944),
(293, 74, '001', 1, 1561388944),
(294, 74, '002', 1, 1561388944),
(295, 74, '003', 1, 1561388944),
(296, 74, '004', 1, 1561388944),
(297, 75, '009', 1, 1561388944),
(298, 75, '010', 1, 1561388944),
(299, 75, '011', 1, 1561388944),
(300, 75, '012', 1, 1561388944),
(301, 76, '005', 1, 1561388944),
(302, 76, '006', 1, 1561388944),
(303, 76, '007', 1, 1561388944),
(304, 76, '008', 1, 1561388944),
(305, 77, '005', 1, 1561388944),
(306, 77, '006', 1, 1561388944),
(307, 77, '007', 1, 1561388944),
(308, 77, '008', 1, 1561388944),
(309, 78, '009', 1, 1561388944),
(310, 78, '010', 1, 1561388944),
(311, 78, '011', 1, 1561388944),
(312, 78, '012', 1, 1561388944),
(313, 79, '013', 1, 1561388944),
(314, 79, '014', 1, 1561388944),
(315, 79, '015', 1, 1561388944),
(316, 79, '016', 1, 1561388944),
(317, 80, '017', 1, 1561388944),
(318, 80, '018', 1, 1561388944),
(319, 80, '019', 1, 1561388944),
(320, 80, '020', 1, 1561388944),
(321, 81, '013', 1, 1561388944),
(322, 81, '014', 1, 1561388944),
(323, 81, '015', 1, 1561388944),
(324, 81, '016', 1, 1561388944),
(325, 82, '005', 1, 1561388944),
(326, 82, '006', 1, 1561388944),
(327, 82, '007', 1, 1561388944),
(328, 82, '008', 1, 1561388944),
(329, 83, '013', 1, 1561388944),
(330, 83, '014', 1, 1561388944),
(331, 83, '015', 1, 1561388944),
(332, 83, '016', 1, 1561388944),
(333, 84, '021', 1, 1561388944),
(334, 84, '022', 1, 1561388944),
(335, 84, '023', 1, 1561388944),
(336, 84, '024', 1, 1561388944),
(337, 85, '025', 1, 1561388944),
(338, 85, '026', 1, 1561388944),
(339, 85, '027', 1, 1561388944),
(340, 85, '028', 1, 1561388944),
(341, 86, '013', 1, 1561388944),
(342, 86, '014', 1, 1561388944),
(343, 86, '015', 1, 1561388944),
(344, 86, '016', 1, 1561388944),
(345, 87, '013', 1, 1561388944),
(346, 87, '014', 1, 1561388944),
(347, 87, '015', 1, 1561388944),
(348, 87, '016', 1, 1561388944),
(349, 88, '021', 1, 1561388944),
(350, 88, '022', 1, 1561388944),
(351, 88, '023', 1, 1561388944),
(352, 88, '024', 1, 1561388944),
(353, 89, '017', 1, 1561388944),
(354, 89, '018', 1, 1561388944),
(355, 89, '019', 1, 1561388944),
(356, 89, '020', 1, 1561388944),
(357, 90, '017', 1, 1561388944),
(358, 90, '018', 1, 1561388944),
(359, 90, '019', 1, 1561388944),
(360, 90, '020', 1, 1561388944),
(361, 91, '013', 1, 1561388944),
(362, 91, '014', 1, 1561388944),
(363, 91, '015', 1, 1561388944),
(364, 91, '016', 1, 1561388944),
(365, 92, '001', 1, 1561388944),
(366, 92, '002', 1, 1561388944),
(367, 92, '003', 1, 1561388944),
(368, 92, '004', 1, 1561388944),
(369, 93, '025', 1, 1561388944),
(370, 93, '026', 1, 1561388944),
(371, 93, '027', 1, 1561388944),
(372, 93, '028', 1, 1561388944),
(373, 94, '009', 1, 1561388944),
(374, 94, '010', 1, 1561388944),
(375, 94, '011', 1, 1561388944),
(376, 94, '012', 1, 1561388944),
(377, 95, '017', 1, 1561388944),
(378, 95, '018', 1, 1561388944),
(379, 95, '019', 1, 1561388944),
(380, 95, '020', 1, 1561388944),
(381, 96, '005', 1, 1561388944),
(382, 96, '006', 1, 1561388944),
(383, 96, '007', 1, 1561388944),
(384, 96, '008', 1, 1561388944),
(385, 97, '021', 1, 1561388944),
(386, 97, '022', 1, 1561388944),
(387, 97, '023', 1, 1561388944),
(388, 97, '024', 1, 1561388944),
(389, 98, '005', 1, 1561388944),
(390, 98, '006', 1, 1561388944),
(391, 98, '007', 1, 1561388944),
(392, 98, '008', 1, 1561388944),
(393, 99, '017', 1, 1561388944),
(394, 99, '018', 1, 1561388944),
(395, 99, '019', 1, 1561388944),
(396, 99, '020', 1, 1561388944),
(397, 100, '013', 1, 1561388944),
(398, 100, '014', 1, 1561388944),
(399, 100, '015', 1, 1561388944),
(400, 100, '016', 1, 1561388944),
(401, 101, '009', 1, 1561388945),
(402, 101, '010', 1, 1561388945),
(403, 101, '011', 1, 1561388945),
(404, 101, '012', 1, 1561388945),
(405, 102, '009', 1, 1561388945),
(406, 102, '010', 1, 1561388945),
(407, 102, '011', 1, 1561388945),
(408, 102, '012', 1, 1561388945),
(409, 103, '005', 1, 1561388945),
(410, 103, '006', 1, 1561388945),
(411, 103, '007', 1, 1561388945),
(412, 103, '008', 1, 1561388945),
(413, 104, '009', 1, 1561388945),
(414, 104, '010', 1, 1561388945),
(415, 104, '011', 1, 1561388945),
(416, 104, '012', 1, 1561388945),
(417, 105, '013', 1, 1561388945),
(418, 105, '014', 1, 1561388945),
(419, 105, '015', 1, 1561388945),
(420, 105, '016', 1, 1561388945),
(421, 106, '017', 1, 1561388945),
(422, 106, '018', 1, 1561388945),
(423, 106, '019', 1, 1561388945),
(424, 106, '020', 1, 1561388945),
(425, 107, '025', 1, 1561388945),
(426, 107, '026', 1, 1561388945),
(427, 107, '027', 1, 1561388945),
(428, 107, '028', 1, 1561388945),
(429, 108, '025', 1, 1561388945),
(430, 108, '026', 1, 1561388945),
(431, 108, '027', 1, 1561388945),
(432, 108, '028', 1, 1561388945),
(433, 109, '013', 1, 1561388945),
(434, 109, '014', 1, 1561388945),
(435, 109, '015', 1, 1561388945),
(436, 109, '016', 1, 1561388945),
(437, 110, '013', 1, 1561388945),
(438, 110, '014', 1, 1561388945),
(439, 110, '015', 1, 1561388945),
(440, 110, '016', 1, 1561388945),
(441, 111, '013', 1, 1561388945),
(442, 111, '014', 1, 1561388945),
(443, 111, '015', 1, 1561388945),
(444, 111, '016', 1, 1561388945),
(445, 112, '029', 1, 1561388945),
(446, 112, '030', 1, 1561388945),
(447, 112, '031', 1, 1561388945),
(448, 112, '032', 1, 1561388945),
(449, 113, '005', 1, 1561388945),
(450, 113, '006', 1, 1561388945),
(451, 113, '007', 1, 1561388945),
(452, 113, '008', 1, 1561388945),
(453, 114, '013', 1, 1561388945),
(454, 114, '014', 1, 1561388945),
(455, 114, '015', 1, 1561388945),
(456, 114, '016', 1, 1561388945),
(457, 115, '017', 1, 1561388945),
(458, 115, '018', 1, 1561388945),
(459, 115, '019', 1, 1561388945),
(460, 115, '020', 1, 1561388945),
(461, 116, '017', 1, 1561388945),
(462, 116, '018', 1, 1561388945),
(463, 116, '019', 1, 1561388945),
(464, 116, '020', 1, 1561388945),
(465, 117, '013', 1, 1561388945),
(466, 117, '014', 1, 1561388945),
(467, 117, '015', 1, 1561388945),
(468, 117, '016', 1, 1561388945),
(469, 118, '013', 1, 1561388945),
(470, 118, '014', 1, 1561388945),
(471, 118, '015', 1, 1561388945),
(472, 118, '016', 1, 1561388945),
(473, 119, '029', 1, 1561388945),
(474, 119, '030', 1, 1561388945),
(475, 119, '031', 1, 1561388945),
(476, 119, '032', 1, 1561388945),
(477, 120, '029', 1, 1561388945),
(478, 120, '030', 1, 1561388945),
(479, 120, '031', 1, 1561388945),
(480, 120, '032', 1, 1561388945),
(481, 121, '001', 1, 1561388945),
(482, 121, '002', 1, 1561388945),
(483, 121, '003', 1, 1561388945),
(484, 121, '004', 1, 1561388945),
(485, 122, '017', 1, 1561388945),
(486, 122, '018', 1, 1561388945),
(487, 122, '019', 1, 1561388945),
(488, 122, '020', 1, 1561388945),
(489, 123, '017', 1, 1561388945),
(490, 123, '018', 1, 1561388945),
(491, 123, '019', 1, 1561388945),
(492, 123, '020', 1, 1561388945),
(493, 124, '017', 1, 1561388945),
(494, 124, '018', 1, 1561388945),
(495, 124, '019', 1, 1561388945),
(496, 124, '020', 1, 1561388945),
(497, 125, '009', 1, 1561388945),
(498, 125, '010', 1, 1561388945),
(499, 125, '011', 1, 1561388945),
(500, 125, '012', 1, 1561388945),
(501, 126, '029', 1, 1561388945),
(502, 126, '030', 1, 1561388945),
(503, 126, '031', 1, 1561388945),
(504, 126, '032', 1, 1561388945),
(505, 127, '009', 1, 1561388945),
(506, 127, '010', 1, 1561388945),
(507, 127, '011', 1, 1561388945),
(508, 127, '012', 1, 1561388945),
(509, 128, '017', 1, 1561388945),
(510, 128, '018', 1, 1561388945),
(511, 128, '019', 1, 1561388945),
(512, 128, '020', 1, 1561388945),
(513, 129, '033', 1, 1561388945),
(514, 129, '034', 1, 1561388945),
(515, 129, '035', 1, 1561388945),
(516, 129, '036', 1, 1561388945),
(517, 130, '013', 1, 1561388945),
(518, 130, '014', 1, 1561388945),
(519, 130, '015', 1, 1561388945),
(520, 130, '016', 1, 1561388945),
(521, 131, '005', 1, 1561388945),
(522, 131, '006', 1, 1561388945),
(523, 131, '007', 1, 1561388945),
(524, 131, '008', 1, 1561388945),
(525, 132, '021', 1, 1561388945),
(526, 132, '022', 1, 1561388945),
(527, 132, '023', 1, 1561388945),
(528, 132, '024', 1, 1561388945),
(529, 133, '021', 1, 1561388945),
(530, 133, '022', 1, 1561388945),
(531, 133, '023', 1, 1561388945),
(532, 133, '024', 1, 1561388945),
(533, 134, '033', 1, 1561388945),
(534, 134, '034', 1, 1561388945),
(535, 134, '035', 1, 1561388945),
(536, 134, '036', 1, 1561388945),
(537, 135, '001', 1, 1561388945),
(538, 135, '002', 1, 1561388945),
(539, 135, '003', 1, 1561388945),
(540, 135, '004', 1, 1561388945),
(541, 136, '017', 1, 1561388945),
(542, 136, '018', 1, 1561388945),
(543, 136, '019', 1, 1561388945),
(544, 136, '020', 1, 1561388945),
(545, 137, '013', 1, 1561388945),
(546, 137, '014', 1, 1561388945),
(547, 137, '015', 1, 1561388945),
(548, 137, '016', 1, 1561388945),
(549, 138, '017', 1, 1561388945),
(550, 138, '018', 1, 1561388945),
(551, 138, '019', 1, 1561388945),
(552, 138, '020', 1, 1561388945),
(553, 139, '017', 1, 1561388945),
(554, 139, '018', 1, 1561388945),
(555, 139, '019', 1, 1561388945),
(556, 139, '020', 1, 1561388945),
(557, 140, '017', 1, 1561388945),
(558, 140, '018', 1, 1561388945),
(559, 140, '019', 1, 1561388945),
(560, 140, '020', 1, 1561388945),
(561, 141, '017', 1, 1561388945),
(562, 141, '018', 1, 1561388945),
(563, 141, '019', 1, 1561388945),
(564, 141, '020', 1, 1561388945),
(565, 142, '021', 1, 1561388945),
(566, 142, '022', 1, 1561388945),
(567, 142, '023', 1, 1561388945),
(568, 142, '024', 1, 1561388945),
(569, 143, '021', 1, 1561388945),
(570, 143, '022', 1, 1561388945),
(571, 143, '023', 1, 1561388945),
(572, 143, '024', 1, 1561388945),
(573, 144, '021', 1, 1561388945),
(574, 144, '022', 1, 1561388945),
(575, 144, '023', 1, 1561388945),
(576, 144, '024', 1, 1561388945),
(577, 145, '033', 1, 1561388945),
(578, 145, '034', 1, 1561388945),
(579, 145, '035', 1, 1561388945),
(580, 145, '036', 1, 1561388945),
(581, 146, '021', 1, 1561388945),
(582, 146, '022', 1, 1561388945),
(583, 146, '023', 1, 1561388945),
(584, 146, '024', 1, 1561388945),
(585, 147, '009', 1, 1561388945),
(586, 147, '010', 1, 1561388945),
(587, 147, '011', 1, 1561388945),
(588, 147, '012', 1, 1561388945),
(589, 148, '021', 1, 1561388945),
(590, 148, '022', 1, 1561388945),
(591, 148, '023', 1, 1561388945),
(592, 148, '024', 1, 1561388945),
(593, 149, '017', 1, 1561388945),
(594, 149, '018', 1, 1561388945),
(595, 149, '019', 1, 1561388945),
(596, 149, '020', 1, 1561388945),
(597, 150, '037', 1, 1561388945),
(598, 150, '038', 1, 1561388945),
(599, 150, '039', 1, 1561388945),
(600, 150, '040', 1, 1561388945),
(601, 151, '021', 1, 1561388945),
(602, 151, '022', 1, 1561388945),
(603, 151, '023', 1, 1561388945),
(604, 151, '024', 1, 1561388945),
(605, 152, '025', 1, 1561388945),
(606, 152, '026', 1, 1561388945),
(607, 152, '027', 1, 1561388945),
(608, 152, '028', 1, 1561388945),
(609, 153, '021', 1, 1561388945),
(610, 153, '022', 1, 1561388945),
(611, 153, '023', 1, 1561388945),
(612, 153, '024', 1, 1561388945),
(613, 154, '021', 1, 1561388945),
(614, 154, '022', 1, 1561388945),
(615, 154, '023', 1, 1561388945),
(616, 154, '024', 1, 1561388945),
(617, 155, '013', 1, 1561388945),
(618, 155, '014', 1, 1561388945),
(619, 155, '015', 1, 1561388945),
(620, 155, '016', 1, 1561388945),
(621, 156, '025', 1, 1561388945),
(622, 156, '026', 1, 1561388945),
(623, 156, '027', 1, 1561388945),
(624, 156, '028', 1, 1561388945),
(625, 157, '029', 1, 1561388945),
(626, 157, '030', 1, 1561388945),
(627, 157, '031', 1, 1561388945),
(628, 157, '032', 1, 1561388945),
(629, 158, '033', 1, 1561388945),
(630, 158, '034', 1, 1561388945),
(631, 158, '035', 1, 1561388945),
(632, 158, '036', 1, 1561388945),
(633, 159, '009', 1, 1561388945),
(634, 159, '010', 1, 1561388945),
(635, 159, '011', 1, 1561388945),
(636, 159, '012', 1, 1561388945),
(637, 160, '009', 1, 1561388945),
(638, 160, '010', 1, 1561388945),
(639, 160, '011', 1, 1561388945),
(640, 160, '012', 1, 1561388945),
(641, 161, '037', 1, 1561388945),
(642, 161, '038', 1, 1561388945),
(643, 161, '039', 1, 1561388945),
(644, 161, '040', 1, 1561388945),
(645, 162, '013', 1, 1561388945),
(646, 162, '014', 1, 1561388945),
(647, 162, '015', 1, 1561388945),
(648, 162, '016', 1, 1561388945),
(649, 163, '037', 1, 1561388945),
(650, 163, '038', 1, 1561388945),
(651, 163, '039', 1, 1561388945),
(652, 163, '040', 1, 1561388945),
(653, 164, '033', 1, 1561388945),
(654, 164, '034', 1, 1561388945),
(655, 164, '035', 1, 1561388945),
(656, 164, '036', 1, 1561388945),
(657, 165, '029', 1, 1561388945),
(658, 165, '030', 1, 1561388945),
(659, 165, '031', 1, 1561388945),
(660, 165, '032', 1, 1561388945),
(661, 166, '041', 1, 1561388945),
(662, 166, '042', 1, 1561388945),
(663, 166, '043', 1, 1561388945),
(664, 166, '044', 1, 1561388945),
(665, 167, '025', 1, 1561388945),
(666, 167, '026', 1, 1561388945),
(667, 167, '027', 1, 1561388945),
(668, 167, '028', 1, 1561388945),
(669, 168, '025', 1, 1561388945),
(670, 168, '026', 1, 1561388945),
(671, 168, '027', 1, 1561388945),
(672, 168, '028', 1, 1561388945),
(673, 169, '021', 1, 1561388945),
(674, 169, '022', 1, 1561388945),
(675, 169, '023', 1, 1561388945),
(676, 169, '024', 1, 1561388945),
(677, 170, '045', 1, 1561388945),
(678, 170, '046', 1, 1561388945),
(679, 170, '047', 1, 1561388945),
(680, 170, '048', 1, 1561388945),
(681, 171, '025', 1, 1561388945),
(682, 171, '026', 1, 1561388945),
(683, 171, '027', 1, 1561388945),
(684, 171, '028', 1, 1561388945),
(685, 172, '017', 1, 1561388945),
(686, 172, '018', 1, 1561388945),
(687, 172, '019', 1, 1561388945),
(688, 172, '020', 1, 1561388945),
(689, 173, '025', 1, 1561388945),
(690, 173, '026', 1, 1561388945),
(691, 173, '027', 1, 1561388945),
(692, 173, '028', 1, 1561388945),
(693, 174, '029', 1, 1561388945),
(694, 174, '030', 1, 1561388945),
(695, 174, '031', 1, 1561388945),
(696, 174, '032', 1, 1561388945),
(697, 175, '041', 1, 1561388945),
(698, 175, '042', 1, 1561388945),
(699, 175, '043', 1, 1561388945),
(700, 175, '044', 1, 1561388945),
(701, 176, '025', 1, 1561388945),
(702, 176, '026', 1, 1561388945),
(703, 176, '027', 1, 1561388945),
(704, 176, '028', 1, 1561388945),
(705, 177, '021', 1, 1561388945),
(706, 177, '022', 1, 1561388945),
(707, 177, '023', 1, 1561388945),
(708, 177, '024', 1, 1561388945),
(709, 178, '025', 1, 1561388945),
(710, 178, '026', 1, 1561388945),
(711, 178, '027', 1, 1561388945),
(712, 178, '028', 1, 1561388945),
(713, 179, '017', 1, 1561388946),
(714, 179, '018', 1, 1561388946),
(715, 179, '019', 1, 1561388946),
(716, 179, '020', 1, 1561388946),
(717, 180, '049', 1, 1561388946),
(718, 180, '050', 1, 1561388946),
(719, 180, '051', 1, 1561388946),
(720, 180, '052', 1, 1561388946),
(721, 181, '053', 1, 1561388946),
(722, 181, '054', 1, 1561388946),
(723, 181, '055', 1, 1561388946),
(724, 181, '056', 1, 1561388946),
(725, 182, '005', 1, 1561388946),
(726, 182, '006', 1, 1561388946),
(727, 182, '007', 1, 1561388946),
(728, 182, '008', 1, 1561388946),
(729, 183, '013', 1, 1561388946),
(730, 183, '014', 1, 1561388946),
(731, 183, '015', 1, 1561388946),
(732, 183, '016', 1, 1561388946),
(733, 184, '029', 1, 1561388946),
(734, 184, '030', 1, 1561388946),
(735, 184, '031', 1, 1561388946),
(736, 184, '032', 1, 1561388946),
(737, 185, '037', 1, 1561388946),
(738, 185, '038', 1, 1561388946),
(739, 185, '039', 1, 1561388946),
(740, 185, '040', 1, 1561388946),
(741, 186, '037', 1, 1561388946),
(742, 186, '038', 1, 1561388946),
(743, 186, '039', 1, 1561388946),
(744, 186, '040', 1, 1561388946),
(745, 187, '017', 1, 1561388946),
(746, 187, '018', 1, 1561388946),
(747, 187, '019', 1, 1561388946),
(748, 187, '020', 1, 1561388946),
(749, 188, '025', 1, 1561388946),
(750, 188, '026', 1, 1561388946),
(751, 188, '027', 1, 1561388946),
(752, 188, '028', 1, 1561388946),
(753, 189, '045', 1, 1561388946),
(754, 189, '046', 1, 1561388946),
(755, 189, '047', 1, 1561388946),
(756, 189, '048', 1, 1561388946),
(757, 190, '025', 1, 1561388946),
(758, 190, '026', 1, 1561388946),
(759, 190, '027', 1, 1561388946),
(760, 190, '028', 1, 1561388946),
(761, 191, '029', 1, 1561388946),
(762, 191, '030', 1, 1561388946),
(763, 191, '031', 1, 1561388946),
(764, 191, '032', 1, 1561388946),
(765, 192, '009', 1, 1561388946),
(766, 192, '010', 1, 1561388946),
(767, 192, '011', 1, 1561388946),
(768, 192, '012', 1, 1561388946),
(769, 193, '021', 1, 1561388946),
(770, 193, '022', 1, 1561388946),
(771, 193, '023', 1, 1561388946),
(772, 193, '024', 1, 1561388946),
(773, 194, '041', 1, 1561388946),
(774, 194, '042', 1, 1561388946),
(775, 194, '043', 1, 1561388946),
(776, 194, '044', 1, 1561388946),
(777, 195, '025', 1, 1561388946),
(778, 195, '026', 1, 1561388946),
(779, 195, '027', 1, 1561388946),
(780, 195, '028', 1, 1561388946),
(781, 196, '057', 1, 1561388946),
(782, 196, '058', 1, 1561388946),
(783, 196, '059', 1, 1561388946),
(784, 196, '060', 1, 1561388946),
(785, 197, '021', 1, 1561388946),
(786, 197, '022', 1, 1561388946),
(787, 197, '023', 1, 1561388946),
(788, 197, '024', 1, 1561388946),
(789, 198, '041', 1, 1561388946),
(790, 198, '042', 1, 1561388946),
(791, 198, '043', 1, 1561388946),
(792, 198, '044', 1, 1561388946),
(793, 199, '021', 1, 1561388946),
(794, 199, '022', 1, 1561388946),
(795, 199, '023', 1, 1561388946),
(796, 199, '024', 1, 1561388946),
(797, 200, '061', 1, 1561388946),
(798, 200, '062', 1, 1561388946),
(799, 200, '063', 1, 1561388946),
(800, 200, '064', 1, 1561388946);

-- --------------------------------------------------------

--
-- Table structure for table `logtbl`
--

DROP TABLE IF EXISTS `logtbl`;
CREATE TABLE `logtbl` (
  `log_id` int(11) NOT NULL,
  `ip_address` varchar(255) NOT NULL,
  `user_id` int(11) NOT NULL,
  `login_date_time` int(11) NOT NULL,
  `status` int(11) NOT NULL
) ENGINE=InnoDB DEFAULT CHARSET=latin1;

--
-- Truncate table before insert `logtbl`
--

TRUNCATE TABLE `logtbl`;
-- --------------------------------------------------------

--
-- Table structure for table `penaltytbl`
--

DROP TABLE IF EXISTS `penaltytbl`;
CREATE TABLE `penaltytbl` (
  `penalty_id` int(11) NOT NULL,
  `penalty_date` int(11) NOT NULL,
  `penalty_amount` int(11) NOT NULL,
  `penalty_day` int(11) NOT NULL
) ENGINE=InnoDB DEFAULT CHARSET=latin1;

--
-- Truncate table before insert `penaltytbl`
--

TRUNCATE TABLE `penaltytbl`;
--
-- Dumping data for table `penaltytbl`
--

INSERT INTO `penaltytbl` (`penalty_id`, `penalty_date`, `penalty_amount`, `penalty_day`) VALUES
(1, 0, 20, 3);

-- --------------------------------------------------------

--
-- Table structure for table `sectiontbl`
--

DROP TABLE IF EXISTS `sectiontbl`;
CREATE TABLE `sectiontbl` (
  `section_id` int(11) NOT NULL,
  `section_name` varchar(255) NOT NULL,
  `section_code` varchar(255) NOT NULL,
  `section_code_number` int(11) NOT NULL DEFAULT '0',
  `status` int(11) NOT NULL,
  `created_at` int(11) NOT NULL
) ENGINE=InnoDB DEFAULT CHARSET=latin1;

--
-- Truncate table before insert `sectiontbl`
--

TRUNCATE TABLE `sectiontbl`;
--
-- Dumping data for table `sectiontbl`
--

INSERT INTO `sectiontbl` (`section_id`, `section_name`, `section_code`, `section_code_number`, `status`, `created_at`) VALUES
(1, 'None', 'NON', 5, 1, 1556900274),
(2, 'Science', 'SCI', 29, 1, 1556901623),
(3, 'Fiction', 'FIC', 21, 1, 1556901623),
(4, 'Non-Fiction', 'NFC', 9, 1, 1556901623),
(5, 'Business', 'BUS', 29, 1, 1556901623),
(6, 'Economics', 'ECO', 25, 1, 1556901623),
(7, 'Information Technology', 'IT', 33, 1, 156901623),
(8, 'Engineering', 'ENG', 25, 1, 1556901623),
(9, 'Literature', 'LIT', 29, 1, 1556901623),
(10, 'Arts', 'ART', 49, 1, 1556901623),
(11, 'Comedy', 'COM', 41, 1, 1556901623),
(12, 'Romantic', 'ROM', 45, 1, 1556901623),
(13, 'Sample 1', 'ABC', 33, 1, 1556901623),
(14, 'Sample 2', 'DEF', 29, 1, 1556901623),
(15, 'Sample 3', 'GHI', 17, 1, 1556901623),
(16, 'Sample 4', 'JKL', 21, 1, 1556901623),
(17, 'Sample 5', 'MNO', 25, 1, 1556901623),
(18, 'Sample 6', 'PQR', 21, 1, 1556901623),
(19, 'Sample 7', 'STU', 29, 1, 1556901623),
(20, 'Sample 8', 'VWX', 21, 1, 1556901623),
(21, 'Sample 9', 'YZA', 13, 1, 1556901623),
(22, 'Sample 10', 'BCD', 13, 1, 1556901623),
(23, 'Sample 11', 'EFG', 45, 1, 1556901623),
(24, 'Sample 12', 'HIJ', 65, 1, 1556901623),
(25, 'Sample 13', 'KLM', 33, 1, 1556901623),
(26, 'Sample 14', 'OPQ', 33, 1, 1556901623),
(27, 'Sample 15', 'RST', 25, 1, 1556901623),
(28, 'Sample 16', 'UVW', 29, 1, 1556901623),
(29, 'Sample 17', 'XYZ', 21, 1, 1556901623),
(30, 'Sample 18', 'KJC', 17, 1, 1556901623);

-- --------------------------------------------------------

--
-- Table structure for table `transactiontbl`
--

DROP TABLE IF EXISTS `transactiontbl`;
CREATE TABLE `transactiontbl` (
  `transaction_id` int(11) NOT NULL,
  `transaction_date` int(11) NOT NULL,
  `return_date` int(11) NOT NULL,
  `amount_paid` int(11) NOT NULL,
  `status` int(11) NOT NULL,
  `itembook_id` int(11) NOT NULL,
  `user_id` int(11) NOT NULL
) ENGINE=InnoDB DEFAULT CHARSET=latin1;

--
-- Truncate table before insert `transactiontbl`
--

TRUNCATE TABLE `transactiontbl`;
--
-- Dumping data for table `transactiontbl`
--

INSERT INTO `transactiontbl` (`transaction_id`, `transaction_date`, `return_date`, `amount_paid`, `status`, `itembook_id`, `user_id`) VALUES
(1, 1560870546, 0, 0, 2, 51, 29),
(2, 1561388946, 1561388946, 60, 3, 51, 29),
(3, 1559920146, 0, 60, 2, 28, 6),
(4, 1561388946, 1561388946, 280, 3, 28, 6),
(5, 1559660946, 0, 280, 2, 18, 28),
(6, 1561388946, 1561388946, 340, 3, 18, 28),
(7, 1559920146, 0, 340, 2, 24, 26),
(8, 1561388946, 1561388946, 280, 3, 24, 26),
(9, 1560524946, 0, 280, 2, 99, 48),
(10, 1561388946, 1561388946, 140, 3, 99, 48),
(11, 1559660946, 0, 140, 2, 75, 40),
(12, 1561388946, 1561388946, 340, 3, 75, 40),
(13, 1559747346, 0, 340, 2, 6, 17),
(14, 1561388946, 1561388946, 320, 3, 6, 17),
(15, 1560956946, 0, 320, 2, 51, 11),
(16, 1561388946, 1561388946, 40, 3, 51, 11),
(17, 1560352146, 0, 40, 2, 71, 45),
(18, 1561388946, 1561388946, 180, 3, 71, 45),
(19, 1560524946, 0, 180, 2, 10, 40),
(20, 1561388946, 1561388946, 140, 3, 10, 40),
(21, 1560611346, 0, 140, 2, 17, 31),
(22, 1561388946, 1561388946, 120, 3, 17, 31),
(23, 1560870546, 0, 120, 2, 23, 17),
(24, 1561388946, 1561388946, 60, 3, 23, 17),
(25, 1560265746, 0, 60, 2, 36, 20),
(26, 1561388946, 1561388946, 200, 3, 36, 20),
(27, 1560265746, 0, 200, 2, 56, 4),
(28, 1561388946, 1561388946, 200, 3, 56, 4),
(29, 1561043346, 0, 200, 2, 17, 29),
(30, 1561388946, 1561388946, 20, 3, 17, 29),
(31, 1560956946, 0, 20, 2, 51, 1),
(32, 1561388946, 1561388946, 40, 3, 51, 1),
(33, 1559833746, 0, 40, 2, 59, 5),
(34, 1561388946, 1561388946, 300, 3, 59, 5),
(35, 1560870546, 0, 300, 2, 33, 20),
(36, 1561388946, 1561388946, 60, 3, 33, 20),
(37, 1560352146, 0, 60, 2, 47, 38),
(38, 1561388946, 1561388946, 180, 3, 47, 38),
(39, 1560438546, 0, 180, 2, 8, 24),
(40, 1561388946, 1561388946, 160, 3, 8, 24),
(41, 1560438546, 0, 160, 2, 70, 4),
(42, 1561388946, 1561388946, 160, 3, 70, 4),
(43, 1559747346, 0, 160, 2, 17, 36),
(44, 1561388946, 1561388946, 320, 3, 17, 36),
(45, 1559747346, 0, 320, 2, 2, 27),
(46, 1561388946, 1561388946, 320, 3, 2, 27),
(47, 1560870546, 0, 320, 2, 81, 42),
(48, 1561388946, 1561388946, 60, 3, 81, 42),
(49, 1560265746, 0, 60, 2, 48, 42),
(50, 1561388946, 1561388946, 200, 3, 48, 42),
(51, 1560438546, 0, 200, 2, 99, 46),
(52, 1561388946, 1561388946, 160, 3, 99, 46),
(53, 1559833746, 0, 160, 2, 62, 41),
(54, 1561388946, 1561388946, 300, 3, 62, 41),
(55, 1561043346, 0, 300, 2, 14, 14),
(56, 1561388946, 1561388946, 20, 3, 14, 14),
(57, 1560006546, 0, 20, 2, 12, 49),
(58, 1561388946, 1561388946, 260, 3, 12, 49),
(59, 1560265746, 0, 260, 2, 97, 26),
(60, 1561388946, 1561388946, 200, 3, 97, 26),
(61, 1560438546, 0, 200, 2, 2, 15),
(62, 1561388946, 1561388946, 160, 3, 2, 15),
(63, 1559920146, 0, 160, 2, 7, 32),
(64, 1561388946, 1561388946, 280, 3, 7, 32),
(65, 1560179346, 0, 280, 2, 9, 20),
(66, 1561388946, 1561388946, 220, 3, 9, 20),
(67, 1561216146, 0, 220, 2, 81, 34),
(68, 1561388946, 1561388946, 220, 3, 81, 34),
(69, 1561043346, 0, 220, 2, 39, 21),
(70, 1561388946, 1561388946, 20, 3, 39, 21),
(71, 1560524946, 0, 20, 2, 50, 21),
(72, 1561388946, 1561388946, 140, 3, 50, 21),
(73, 1561043346, 0, 140, 2, 23, 3),
(74, 1561388946, 1561388946, 20, 3, 23, 3),
(75, 1560870546, 0, 20, 2, 98, 14),
(76, 1561388946, 1561388946, 60, 3, 98, 14),
(77, 1559747346, 0, 60, 2, 18, 46),
(78, 1561388946, 1561388946, 320, 3, 18, 46),
(79, 1561302546, 0, 320, 2, 93, 24),
(80, 1561388946, 1561388946, 320, 3, 93, 24),
(81, 1561043346, 0, 320, 2, 34, 4),
(82, 1561388946, 1561388946, 20, 3, 34, 4),
(83, 1560352146, 0, 20, 2, 76, 24),
(84, 1561388946, 1561388946, 180, 3, 76, 24),
(85, 1560784146, 0, 180, 2, 20, 9),
(86, 1561388946, 1561388946, 80, 3, 20, 9),
(87, 1560006546, 0, 80, 2, 65, 46),
(88, 1561388946, 1561388946, 260, 3, 65, 46),
(89, 1559920146, 0, 260, 2, 40, 36),
(90, 1561388946, 1561388946, 280, 3, 40, 36),
(91, 1560956946, 0, 280, 2, 57, 1),
(92, 1561388946, 1561388946, 40, 3, 57, 1),
(93, 1559833746, 0, 40, 2, 4, 15),
(94, 1561388946, 1561388946, 300, 3, 4, 15),
(95, 1560438546, 0, 300, 2, 91, 44),
(96, 1561388946, 1561388946, 160, 3, 91, 44),
(97, 1560956946, 0, 160, 2, 72, 39),
(98, 1561388946, 1561388946, 40, 3, 72, 39),
(99, 1559920146, 0, 40, 2, 42, 14),
(100, 1561388946, 1561388946, 280, 3, 42, 14),
(101, 1560870546, 0, 0, 2, 83, 36),
(102, 1561388946, 1561388946, 60, 3, 83, 36),
(103, 1560697746, 0, 60, 2, 82, 49),
(104, 1561388946, 1561388946, 100, 3, 82, 49),
(105, 1560352146, 0, 100, 2, 62, 24),
(106, 1561388946, 1561388946, 180, 3, 62, 24),
(107, 1561043346, 0, 180, 2, 76, 29),
(108, 1561388946, 1561388946, 20, 3, 76, 29),
(109, 1561216146, 0, 20, 2, 43, 23),
(110, 1561388946, 1561388946, 20, 3, 43, 23),
(111, 1560438546, 0, 20, 2, 38, 20),
(112, 1561388946, 1561388946, 160, 3, 38, 20),
(113, 1560352146, 0, 160, 2, 58, 48),
(114, 1561388946, 1561388946, 180, 3, 58, 48),
(115, 1560265746, 0, 180, 2, 59, 2),
(116, 1561388946, 1561388946, 200, 3, 59, 2),
(117, 1560524946, 0, 200, 2, 64, 34),
(118, 1561388946, 1561388946, 140, 3, 64, 34),
(119, 1561216146, 0, 140, 2, 100, 33),
(120, 1561388946, 1561388946, 140, 3, 100, 33),
(121, 1560524946, 0, 140, 2, 75, 48),
(122, 1561388946, 1561388946, 140, 3, 75, 48),
(123, 1561129746, 0, 140, 2, 50, 22),
(124, 1561388946, 1561388946, 140, 3, 50, 22),
(125, 1560870546, 0, 140, 2, 7, 22),
(126, 1561388946, 1561388946, 60, 3, 7, 22),
(127, 1560870546, 0, 60, 2, 74, 16),
(128, 1561388946, 1561388946, 60, 3, 74, 16),
(129, 1560006546, 0, 60, 2, 69, 47),
(130, 1561388946, 1561388946, 260, 3, 69, 47),
(131, 1559660946, 0, 260, 2, 34, 39),
(132, 1561388946, 1561388946, 340, 3, 34, 39),
(133, 1560524946, 0, 340, 2, 50, 16),
(134, 1561388946, 1561388946, 140, 3, 50, 16),
(135, 1559833746, 0, 140, 2, 98, 23),
(136, 1561388946, 1561388946, 300, 3, 98, 23),
(137, 1560179346, 0, 300, 2, 64, 37),
(138, 1561388946, 1561388946, 220, 3, 64, 37),
(139, 1561216146, 0, 220, 2, 75, 13),
(140, 1561388946, 1561388946, 220, 3, 75, 13),
(141, 1560265746, 0, 220, 2, 11, 21),
(142, 1561388946, 1561388946, 200, 3, 11, 21),
(143, 1560092946, 0, 200, 2, 93, 49),
(144, 1561388946, 1561388946, 240, 3, 93, 49),
(145, 1560870546, 0, 240, 2, 21, 30),
(146, 1561388946, 1561388946, 60, 3, 21, 30),
(147, 1559660946, 0, 60, 2, 73, 28),
(148, 1561388946, 1561388946, 340, 3, 73, 28),
(149, 1561043346, 0, 340, 2, 47, 15),
(150, 1561388946, 1561388946, 20, 3, 47, 15),
(151, 1559660946, 0, 20, 2, 49, 24),
(152, 1561388946, 1561388946, 340, 3, 49, 24),
(153, 1560697746, 0, 340, 2, 64, 38),
(154, 1561388946, 1561388946, 100, 3, 64, 38),
(155, 1560784146, 0, 100, 2, 79, 25),
(156, 1561388946, 1561388946, 80, 3, 79, 25),
(157, 1561302546, 0, 80, 2, 7, 3),
(158, 1561388946, 1561388946, 80, 3, 7, 3),
(159, 1561129746, 0, 80, 2, 24, 34),
(160, 1561388946, 1561388946, 80, 3, 24, 34),
(161, 1560697746, 0, 80, 2, 89, 41),
(162, 1561388946, 1561388946, 100, 3, 89, 41),
(163, 1560697746, 0, 100, 2, 82, 28),
(164, 1561388946, 1561388946, 100, 3, 82, 28),
(165, 1559833746, 0, 100, 2, 29, 33),
(166, 1561388946, 1561388946, 300, 3, 29, 33),
(167, 1560352146, 0, 300, 2, 42, 34),
(168, 1561388946, 1561388946, 180, 3, 42, 34),
(169, 1559660946, 0, 180, 2, 37, 47),
(170, 1561388946, 1561388946, 340, 3, 37, 47),
(171, 1559747346, 0, 340, 2, 82, 19),
(172, 1561388946, 1561388946, 320, 3, 82, 19),
(173, 1561216146, 0, 320, 2, 82, 48),
(174, 1561388946, 1561388946, 320, 3, 82, 48),
(175, 1560092946, 0, 320, 2, 72, 3),
(176, 1561388946, 1561388946, 240, 3, 72, 3),
(177, 1561216146, 0, 240, 2, 79, 33),
(178, 1561388946, 1561388946, 240, 3, 79, 33),
(179, 1559833746, 0, 240, 2, 97, 14),
(180, 1561388946, 1561388946, 300, 3, 97, 14),
(181, 1560265746, 0, 300, 2, 77, 10),
(182, 1561388946, 1561388946, 200, 3, 77, 10),
(183, 1560870546, 0, 200, 2, 16, 36),
(184, 1561388946, 1561388946, 60, 3, 16, 36),
(185, 1561043346, 0, 60, 2, 9, 14),
(186, 1561388946, 1561388946, 20, 3, 9, 14),
(187, 1560956946, 0, 20, 2, 92, 15),
(188, 1561388946, 1561388946, 40, 3, 92, 15),
(189, 1560265746, 0, 40, 2, 75, 25),
(190, 1561388946, 1561388946, 200, 3, 75, 25),
(191, 1559920146, 0, 200, 2, 33, 9),
(192, 1561388946, 1561388946, 280, 3, 33, 9),
(193, 1560870546, 0, 280, 2, 53, 3),
(194, 1561388946, 1561388946, 60, 3, 53, 3),
(195, 1560092946, 0, 60, 2, 66, 6),
(196, 1561388946, 1561388946, 240, 3, 66, 6),
(197, 1560956946, 0, 240, 2, 32, 35),
(198, 1561388946, 1561388946, 40, 3, 32, 35),
(199, 1560524946, 0, 40, 2, 70, 39),
(200, 1561388946, 1561388946, 140, 3, 70, 39);

-- --------------------------------------------------------

--
-- Table structure for table `usertbl`
--

DROP TABLE IF EXISTS `usertbl`;
CREATE TABLE `usertbl` (
  `user_id` int(11) NOT NULL,
  `username` varchar(40) NOT NULL,
  `email` varchar(100) NOT NULL,
  `password` varchar(255) NOT NULL,
  `user_type` int(11) NOT NULL,
  `status` int(11) NOT NULL,
  `password_code` varchar(6) NOT NULL,
  `created_at` int(11) NOT NULL
) ENGINE=InnoDB DEFAULT CHARSET=latin1;

--
-- Truncate table before insert `usertbl`
--

TRUNCATE TABLE `usertbl`;
--
-- Dumping data for table `usertbl`
--

INSERT INTO `usertbl` (`user_id`, `username`, `email`, `password`, `user_type`, `status`, `password_code`, `created_at`) VALUES
(1, 'user1', '', '7c4a8d09ca3762af61e59520943dc26494f8941b', 0, 1, '', 1561388943),
(2, 'user2', '', '7c4a8d09ca3762af61e59520943dc26494f8941b', 0, 1, '', 1561388943),
(3, 'user3', '', '7c4a8d09ca3762af61e59520943dc26494f8941b', 0, 1, '', 1561388943),
(4, 'user4', '', '7c4a8d09ca3762af61e59520943dc26494f8941b', 0, 1, '', 1561388943),
(5, 'user5', '', '7c4a8d09ca3762af61e59520943dc26494f8941b', 0, 1, '', 1561388943),
(6, 'user6', '', '7c4a8d09ca3762af61e59520943dc26494f8941b', 0, 1, '', 1561388943),
(7, 'user7', '', '7c4a8d09ca3762af61e59520943dc26494f8941b', 0, 1, '', 1561388943),
(8, 'user8', '', '7c4a8d09ca3762af61e59520943dc26494f8941b', 0, 1, '', 1561388943),
(9, 'user9', '', '7c4a8d09ca3762af61e59520943dc26494f8941b', 0, 1, '', 1561388943),
(10, 'user10', '', '7c4a8d09ca3762af61e59520943dc26494f8941b', 0, 1, '', 1561388943),
(11, 'user11', '', '7c4a8d09ca3762af61e59520943dc26494f8941b', 0, 1, '', 1561388943),
(12, 'user12', '', '7c4a8d09ca3762af61e59520943dc26494f8941b', 0, 1, '', 1561388943),
(13, 'user13', '', '7c4a8d09ca3762af61e59520943dc26494f8941b', 0, 1, '', 1561388943),
(14, 'user14', '', '7c4a8d09ca3762af61e59520943dc26494f8941b', 0, 1, '', 1561388943),
(15, 'user15', '', '7c4a8d09ca3762af61e59520943dc26494f8941b', 0, 1, '', 1561388943),
(16, 'user16', '', '7c4a8d09ca3762af61e59520943dc26494f8941b', 0, 1, '', 1561388943),
(17, 'user17', '', '7c4a8d09ca3762af61e59520943dc26494f8941b', 0, 1, '', 1561388943),
(18, 'user18', '', '7c4a8d09ca3762af61e59520943dc26494f8941b', 0, 1, '', 1561388943),
(19, 'user19', '', '7c4a8d09ca3762af61e59520943dc26494f8941b', 0, 1, '', 1561388943),
(20, 'user20', '', '7c4a8d09ca3762af61e59520943dc26494f8941b', 0, 1, '', 1561388943),
(21, 'user21', '', '7c4a8d09ca3762af61e59520943dc26494f8941b', 0, 1, '', 1561388943),
(22, 'user22', '', '7c4a8d09ca3762af61e59520943dc26494f8941b', 0, 1, '', 1561388943),
(23, 'user23', '', '7c4a8d09ca3762af61e59520943dc26494f8941b', 0, 1, '', 1561388943),
(24, 'user24', '', '7c4a8d09ca3762af61e59520943dc26494f8941b', 0, 1, '', 1561388943),
(25, 'user25', '', '7c4a8d09ca3762af61e59520943dc26494f8941b', 0, 1, '', 1561388943),
(26, 'user26', '', '7c4a8d09ca3762af61e59520943dc26494f8941b', 0, 1, '', 1561388943),
(27, 'user27', '', '7c4a8d09ca3762af61e59520943dc26494f8941b', 0, 1, '', 1561388943),
(28, 'user28', '', '7c4a8d09ca3762af61e59520943dc26494f8941b', 0, 1, '', 1561388943),
(29, 'user29', '', '7c4a8d09ca3762af61e59520943dc26494f8941b', 0, 1, '', 1561388943),
(30, 'user30', '', '7c4a8d09ca3762af61e59520943dc26494f8941b', 0, 1, '', 1561388943),
(31, 'user31', '', '7c4a8d09ca3762af61e59520943dc26494f8941b', 0, 1, '', 1561388943),
(32, 'user32', '', '7c4a8d09ca3762af61e59520943dc26494f8941b', 0, 1, '', 1561388943),
(33, 'user33', '', '7c4a8d09ca3762af61e59520943dc26494f8941b', 0, 1, '', 1561388943),
(34, 'user34', '', '7c4a8d09ca3762af61e59520943dc26494f8941b', 0, 1, '', 1561388943),
(35, 'user35', '', '7c4a8d09ca3762af61e59520943dc26494f8941b', 0, 1, '', 1561388943),
(36, 'user36', '', '7c4a8d09ca3762af61e59520943dc26494f8941b', 0, 1, '', 1561388943),
(37, 'user37', '', '7c4a8d09ca3762af61e59520943dc26494f8941b', 0, 1, '', 1561388943),
(38, 'user38', '', '7c4a8d09ca3762af61e59520943dc26494f8941b', 0, 1, '', 1561388943),
(39, 'user39', '', '7c4a8d09ca3762af61e59520943dc26494f8941b', 0, 1, '', 1561388943),
(40, 'user40', '', '7c4a8d09ca3762af61e59520943dc26494f8941b', 0, 1, '', 1561388943),
(41, 'user41', '', '7c4a8d09ca3762af61e59520943dc26494f8941b', 0, 1, '', 1561388943),
(42, 'user42', '', '7c4a8d09ca3762af61e59520943dc26494f8941b', 0, 1, '', 1561388943),
(43, 'user43', '', '7c4a8d09ca3762af61e59520943dc26494f8941b', 0, 1, '', 1561388943),
(44, 'user44', '', '7c4a8d09ca3762af61e59520943dc26494f8941b', 0, 1, '', 1561388943),
(45, 'user45', '', '7c4a8d09ca3762af61e59520943dc26494f8941b', 0, 1, '', 1561388943),
(46, 'user46', '', '7c4a8d09ca3762af61e59520943dc26494f8941b', 0, 1, '', 1561388943),
(47, 'user47', '', '7c4a8d09ca3762af61e59520943dc26494f8941b', 0, 1, '', 1561388943),
(48, 'user48', '', '7c4a8d09ca3762af61e59520943dc26494f8941b', 0, 1, '', 1561388943),
(49, 'user49', '', '7c4a8d09ca3762af61e59520943dc26494f8941b', 0, 1, '', 1561388943),
(50, 'user50', '', '7c4a8d09ca3762af61e59520943dc26494f8941b', 0, 1, '', 1561388943),
(51, 'user51', '', '7c4a8d09ca3762af61e59520943dc26494f8941b', 0, 1, '', 1561388943),
(52, 'user52', '', '7c4a8d09ca3762af61e59520943dc26494f8941b', 0, 1, '', 1561388943),
(53, 'user53', '', '7c4a8d09ca3762af61e59520943dc26494f8941b', 0, 1, '', 1561388943),
(54, 'user54', '', '7c4a8d09ca3762af61e59520943dc26494f8941b', 0, 1, '', 1561388943),
(55, 'user55', '', '7c4a8d09ca3762af61e59520943dc26494f8941b', 0, 1, '', 1561388943),
(56, 'user56', '', '7c4a8d09ca3762af61e59520943dc26494f8941b', 0, 1, '', 1561388943),
(57, 'user57', '', '7c4a8d09ca3762af61e59520943dc26494f8941b', 0, 1, '', 1561388943),
(58, 'user58', '', '7c4a8d09ca3762af61e59520943dc26494f8941b', 0, 1, '', 1561388943),
(59, 'user59', '', '7c4a8d09ca3762af61e59520943dc26494f8941b', 0, 1, '', 1561388943),
(60, 'user60', '', '7c4a8d09ca3762af61e59520943dc26494f8941b', 0, 1, '', 1561388943),
(61, 'user61', '', '7c4a8d09ca3762af61e59520943dc26494f8941b', 0, 1, '', 1561388943),
(62, 'user62', '', '7c4a8d09ca3762af61e59520943dc26494f8941b', 0, 1, '', 1561388943),
(63, 'user63', '', '7c4a8d09ca3762af61e59520943dc26494f8941b', 0, 1, '', 1561388943),
(64, 'user64', '', '7c4a8d09ca3762af61e59520943dc26494f8941b', 0, 1, '', 1561388943),
(65, 'user65', '', '7c4a8d09ca3762af61e59520943dc26494f8941b', 0, 1, '', 1561388943),
(66, 'user66', '', '7c4a8d09ca3762af61e59520943dc26494f8941b', 0, 1, '', 1561388943),
(67, 'user67', '', '7c4a8d09ca3762af61e59520943dc26494f8941b', 0, 1, '', 1561388943),
(68, 'user68', '', '7c4a8d09ca3762af61e59520943dc26494f8941b', 0, 1, '', 1561388943),
(69, 'user69', '', '7c4a8d09ca3762af61e59520943dc26494f8941b', 0, 1, '', 1561388943),
(70, 'user70', '', '7c4a8d09ca3762af61e59520943dc26494f8941b', 0, 1, '', 1561388943),
(71, 'user71', '', '7c4a8d09ca3762af61e59520943dc26494f8941b', 0, 1, '', 1561388943),
(72, 'user72', '', '7c4a8d09ca3762af61e59520943dc26494f8941b', 0, 1, '', 1561388943),
(73, 'user73', '', '7c4a8d09ca3762af61e59520943dc26494f8941b', 0, 1, '', 1561388943),
(74, 'user74', '', '7c4a8d09ca3762af61e59520943dc26494f8941b', 0, 1, '', 1561388943),
(75, 'user75', '', '7c4a8d09ca3762af61e59520943dc26494f8941b', 0, 1, '', 1561388943),
(76, 'user76', '', '7c4a8d09ca3762af61e59520943dc26494f8941b', 0, 1, '', 1561388943),
(77, 'user77', '', '7c4a8d09ca3762af61e59520943dc26494f8941b', 0, 1, '', 1561388943),
(78, 'user78', '', '7c4a8d09ca3762af61e59520943dc26494f8941b', 0, 1, '', 1561388943),
(79, 'user79', '', '7c4a8d09ca3762af61e59520943dc26494f8941b', 0, 1, '', 1561388943),
(80, 'user80', '', '7c4a8d09ca3762af61e59520943dc26494f8941b', 0, 1, '', 1561388943),
(81, 'user81', '', '7c4a8d09ca3762af61e59520943dc26494f8941b', 0, 1, '', 1561388943),
(82, 'user82', '', '7c4a8d09ca3762af61e59520943dc26494f8941b', 0, 1, '', 1561388943),
(83, 'user83', '', '7c4a8d09ca3762af61e59520943dc26494f8941b', 0, 1, '', 1561388943),
(84, 'user84', '', '7c4a8d09ca3762af61e59520943dc26494f8941b', 0, 1, '', 1561388943),
(85, 'user85', '', '7c4a8d09ca3762af61e59520943dc26494f8941b', 0, 1, '', 1561388943),
(86, 'user86', '', '7c4a8d09ca3762af61e59520943dc26494f8941b', 0, 1, '', 1561388943),
(87, 'user87', '', '7c4a8d09ca3762af61e59520943dc26494f8941b', 0, 1, '', 1561388943),
(88, 'user88', '', '7c4a8d09ca3762af61e59520943dc26494f8941b', 0, 1, '', 1561388943),
(89, 'user89', '', '7c4a8d09ca3762af61e59520943dc26494f8941b', 0, 1, '', 1561388943),
(90, 'user90', '', '7c4a8d09ca3762af61e59520943dc26494f8941b', 0, 1, '', 1561388943),
(91, 'user91', '', '7c4a8d09ca3762af61e59520943dc26494f8941b', 0, 1, '', 1561388943),
(92, 'user92', '', '7c4a8d09ca3762af61e59520943dc26494f8941b', 0, 1, '', 1561388943),
(93, 'user93', '', '7c4a8d09ca3762af61e59520943dc26494f8941b', 0, 1, '', 1561388943),
(94, 'user94', '', '7c4a8d09ca3762af61e59520943dc26494f8941b', 0, 1, '', 1561388943),
(95, 'user95', '', '7c4a8d09ca3762af61e59520943dc26494f8941b', 0, 1, '', 1561388943),
(96, 'user96', '', '7c4a8d09ca3762af61e59520943dc26494f8941b', 0, 1, '', 1561388943),
(97, 'user97', '', '7c4a8d09ca3762af61e59520943dc26494f8941b', 0, 1, '', 1561388943),
(98, 'user98', '', '7c4a8d09ca3762af61e59520943dc26494f8941b', 0, 1, '', 1561388943),
(99, 'user99', '', '7c4a8d09ca3762af61e59520943dc26494f8941b', 0, 1, '', 1561388943),
(100, 'user100', '', '7c4a8d09ca3762af61e59520943dc26494f8941b', 0, 1, '', 1561388943),
(101, 'admin', '', '55285e5a32519431b408de651aa7a47c41369b15', 1, 1, '', 1561388943),
(102, 'user1', '', '7c4a8d09ca3762af61e59520943dc26494f8941b', 0, 1, '', 1561388944),
(103, 'user2', '', '7c4a8d09ca3762af61e59520943dc26494f8941b', 0, 1, '', 1561388944),
(104, 'user3', '', '7c4a8d09ca3762af61e59520943dc26494f8941b', 0, 1, '', 1561388944),
(105, 'user4', '', '7c4a8d09ca3762af61e59520943dc26494f8941b', 0, 1, '', 1561388944),
(106, 'user5', '', '7c4a8d09ca3762af61e59520943dc26494f8941b', 0, 1, '', 1561388944),
(107, 'user6', '', '7c4a8d09ca3762af61e59520943dc26494f8941b', 0, 1, '', 1561388944),
(108, 'user7', '', '7c4a8d09ca3762af61e59520943dc26494f8941b', 0, 1, '', 1561388944),
(109, 'user8', '', '7c4a8d09ca3762af61e59520943dc26494f8941b', 0, 1, '', 1561388944),
(110, 'user9', '', '7c4a8d09ca3762af61e59520943dc26494f8941b', 0, 1, '', 1561388944),
(111, 'user10', '', '7c4a8d09ca3762af61e59520943dc26494f8941b', 0, 1, '', 1561388944),
(112, 'user11', '', '7c4a8d09ca3762af61e59520943dc26494f8941b', 0, 1, '', 1561388944),
(113, 'user12', '', '7c4a8d09ca3762af61e59520943dc26494f8941b', 0, 1, '', 1561388944),
(114, 'user13', '', '7c4a8d09ca3762af61e59520943dc26494f8941b', 0, 1, '', 1561388944),
(115, 'user14', '', '7c4a8d09ca3762af61e59520943dc26494f8941b', 0, 1, '', 1561388944),
(116, 'user15', '', '7c4a8d09ca3762af61e59520943dc26494f8941b', 0, 1, '', 1561388944),
(117, 'user16', '', '7c4a8d09ca3762af61e59520943dc26494f8941b', 0, 1, '', 1561388944),
(118, 'user17', '', '7c4a8d09ca3762af61e59520943dc26494f8941b', 0, 1, '', 1561388944),
(119, 'user18', '', '7c4a8d09ca3762af61e59520943dc26494f8941b', 0, 1, '', 1561388944),
(120, 'user19', '', '7c4a8d09ca3762af61e59520943dc26494f8941b', 0, 1, '', 1561388944),
(121, 'user20', '', '7c4a8d09ca3762af61e59520943dc26494f8941b', 0, 1, '', 1561388944),
(122, 'user21', '', '7c4a8d09ca3762af61e59520943dc26494f8941b', 0, 1, '', 1561388944),
(123, 'user22', '', '7c4a8d09ca3762af61e59520943dc26494f8941b', 0, 1, '', 1561388944),
(124, 'user23', '', '7c4a8d09ca3762af61e59520943dc26494f8941b', 0, 1, '', 1561388944),
(125, 'user24', '', '7c4a8d09ca3762af61e59520943dc26494f8941b', 0, 1, '', 1561388944),
(126, 'user25', '', '7c4a8d09ca3762af61e59520943dc26494f8941b', 0, 1, '', 1561388944),
(127, 'user26', '', '7c4a8d09ca3762af61e59520943dc26494f8941b', 0, 1, '', 1561388944),
(128, 'user27', '', '7c4a8d09ca3762af61e59520943dc26494f8941b', 0, 1, '', 1561388944),
(129, 'user28', '', '7c4a8d09ca3762af61e59520943dc26494f8941b', 0, 1, '', 1561388944),
(130, 'user29', '', '7c4a8d09ca3762af61e59520943dc26494f8941b', 0, 1, '', 1561388944),
(131, 'user30', '', '7c4a8d09ca3762af61e59520943dc26494f8941b', 0, 1, '', 1561388944),
(132, 'user31', '', '7c4a8d09ca3762af61e59520943dc26494f8941b', 0, 1, '', 1561388944),
(133, 'user32', '', '7c4a8d09ca3762af61e59520943dc26494f8941b', 0, 1, '', 1561388944),
(134, 'user33', '', '7c4a8d09ca3762af61e59520943dc26494f8941b', 0, 1, '', 1561388944),
(135, 'user34', '', '7c4a8d09ca3762af61e59520943dc26494f8941b', 0, 1, '', 1561388944),
(136, 'user35', '', '7c4a8d09ca3762af61e59520943dc26494f8941b', 0, 1, '', 1561388944),
(137, 'user36', '', '7c4a8d09ca3762af61e59520943dc26494f8941b', 0, 1, '', 1561388944),
(138, 'user37', '', '7c4a8d09ca3762af61e59520943dc26494f8941b', 0, 1, '', 1561388944),
(139, 'user38', '', '7c4a8d09ca3762af61e59520943dc26494f8941b', 0, 1, '', 1561388944),
(140, 'user39', '', '7c4a8d09ca3762af61e59520943dc26494f8941b', 0, 1, '', 1561388944),
(141, 'user40', '', '7c4a8d09ca3762af61e59520943dc26494f8941b', 0, 1, '', 1561388944),
(142, 'user41', '', '7c4a8d09ca3762af61e59520943dc26494f8941b', 0, 1, '', 1561388944),
(143, 'user42', '', '7c4a8d09ca3762af61e59520943dc26494f8941b', 0, 1, '', 1561388944),
(144, 'user43', '', '7c4a8d09ca3762af61e59520943dc26494f8941b', 0, 1, '', 1561388944),
(145, 'user44', '', '7c4a8d09ca3762af61e59520943dc26494f8941b', 0, 1, '', 1561388944),
(146, 'user45', '', '7c4a8d09ca3762af61e59520943dc26494f8941b', 0, 1, '', 1561388944),
(147, 'user46', '', '7c4a8d09ca3762af61e59520943dc26494f8941b', 0, 1, '', 1561388944),
(148, 'user47', '', '7c4a8d09ca3762af61e59520943dc26494f8941b', 0, 1, '', 1561388944),
(149, 'user48', '', '7c4a8d09ca3762af61e59520943dc26494f8941b', 0, 1, '', 1561388944),
(150, 'user49', '', '7c4a8d09ca3762af61e59520943dc26494f8941b', 0, 1, '', 1561388944),
(151, 'user50', '', '7c4a8d09ca3762af61e59520943dc26494f8941b', 0, 1, '', 1561388944),
(152, 'user51', '', '7c4a8d09ca3762af61e59520943dc26494f8941b', 0, 1, '', 1561388944),
(153, 'user52', '', '7c4a8d09ca3762af61e59520943dc26494f8941b', 0, 1, '', 1561388944),
(154, 'user53', '', '7c4a8d09ca3762af61e59520943dc26494f8941b', 0, 1, '', 1561388944),
(155, 'user54', '', '7c4a8d09ca3762af61e59520943dc26494f8941b', 0, 1, '', 1561388944),
(156, 'user55', '', '7c4a8d09ca3762af61e59520943dc26494f8941b', 0, 1, '', 1561388944),
(157, 'user56', '', '7c4a8d09ca3762af61e59520943dc26494f8941b', 0, 1, '', 1561388944),
(158, 'user57', '', '7c4a8d09ca3762af61e59520943dc26494f8941b', 0, 1, '', 1561388944),
(159, 'user58', '', '7c4a8d09ca3762af61e59520943dc26494f8941b', 0, 1, '', 1561388944),
(160, 'user59', '', '7c4a8d09ca3762af61e59520943dc26494f8941b', 0, 1, '', 1561388944),
(161, 'user60', '', '7c4a8d09ca3762af61e59520943dc26494f8941b', 0, 1, '', 1561388944),
(162, 'user61', '', '7c4a8d09ca3762af61e59520943dc26494f8941b', 0, 1, '', 1561388944),
(163, 'user62', '', '7c4a8d09ca3762af61e59520943dc26494f8941b', 0, 1, '', 1561388944),
(164, 'user63', '', '7c4a8d09ca3762af61e59520943dc26494f8941b', 0, 1, '', 1561388944),
(165, 'user64', '', '7c4a8d09ca3762af61e59520943dc26494f8941b', 0, 1, '', 1561388944),
(166, 'user65', '', '7c4a8d09ca3762af61e59520943dc26494f8941b', 0, 1, '', 1561388944),
(167, 'user66', '', '7c4a8d09ca3762af61e59520943dc26494f8941b', 0, 1, '', 1561388944),
(168, 'user67', '', '7c4a8d09ca3762af61e59520943dc26494f8941b', 0, 1, '', 1561388944),
(169, 'user68', '', '7c4a8d09ca3762af61e59520943dc26494f8941b', 0, 1, '', 1561388944),
(170, 'user69', '', '7c4a8d09ca3762af61e59520943dc26494f8941b', 0, 1, '', 1561388944),
(171, 'user70', '', '7c4a8d09ca3762af61e59520943dc26494f8941b', 0, 1, '', 1561388944),
(172, 'user71', '', '7c4a8d09ca3762af61e59520943dc26494f8941b', 0, 1, '', 1561388944),
(173, 'user72', '', '7c4a8d09ca3762af61e59520943dc26494f8941b', 0, 1, '', 1561388944),
(174, 'user73', '', '7c4a8d09ca3762af61e59520943dc26494f8941b', 0, 1, '', 1561388944),
(175, 'user74', '', '7c4a8d09ca3762af61e59520943dc26494f8941b', 0, 1, '', 1561388944),
(176, 'user75', '', '7c4a8d09ca3762af61e59520943dc26494f8941b', 0, 1, '', 1561388944),
(177, 'user76', '', '7c4a8d09ca3762af61e59520943dc26494f8941b', 0, 1, '', 1561388944),
(178, 'user77', '', '7c4a8d09ca3762af61e59520943dc26494f8941b', 0, 1, '', 1561388944),
(179, 'user78', '', '7c4a8d09ca3762af61e59520943dc26494f8941b', 0, 1, '', 1561388944),
(180, 'user79', '', '7c4a8d09ca3762af61e59520943dc26494f8941b', 0, 1, '', 1561388944),
(181, 'user80', '', '7c4a8d09ca3762af61e59520943dc26494f8941b', 0, 1, '', 1561388944),
(182, 'user81', '', '7c4a8d09ca3762af61e59520943dc26494f8941b', 0, 1, '', 1561388944),
(183, 'user82', '', '7c4a8d09ca3762af61e59520943dc26494f8941b', 0, 1, '', 1561388944),
(184, 'user83', '', '7c4a8d09ca3762af61e59520943dc26494f8941b', 0, 1, '', 1561388944),
(185, 'user84', '', '7c4a8d09ca3762af61e59520943dc26494f8941b', 0, 1, '', 1561388944),
(186, 'user85', '', '7c4a8d09ca3762af61e59520943dc26494f8941b', 0, 1, '', 1561388944),
(187, 'user86', '', '7c4a8d09ca3762af61e59520943dc26494f8941b', 0, 1, '', 1561388944),
(188, 'user87', '', '7c4a8d09ca3762af61e59520943dc26494f8941b', 0, 1, '', 1561388944),
(189, 'user88', '', '7c4a8d09ca3762af61e59520943dc26494f8941b', 0, 1, '', 1561388944),
(190, 'user89', '', '7c4a8d09ca3762af61e59520943dc26494f8941b', 0, 1, '', 1561388944),
(191, 'user90', '', '7c4a8d09ca3762af61e59520943dc26494f8941b', 0, 1, '', 1561388944),
(192, 'user91', '', '7c4a8d09ca3762af61e59520943dc26494f8941b', 0, 1, '', 1561388944),
(193, 'user92', '', '7c4a8d09ca3762af61e59520943dc26494f8941b', 0, 1, '', 1561388944),
(194, 'user93', '', '7c4a8d09ca3762af61e59520943dc26494f8941b', 0, 1, '', 1561388944),
(195, 'user94', '', '7c4a8d09ca3762af61e59520943dc26494f8941b', 0, 1, '', 1561388944),
(196, 'user95', '', '7c4a8d09ca3762af61e59520943dc26494f8941b', 0, 1, '', 1561388944),
(197, 'user96', '', '7c4a8d09ca3762af61e59520943dc26494f8941b', 0, 1, '', 1561388944),
(198, 'user97', '', '7c4a8d09ca3762af61e59520943dc26494f8941b', 0, 1, '', 1561388944),
(199, 'user98', '', '7c4a8d09ca3762af61e59520943dc26494f8941b', 0, 1, '', 1561388944),
(200, 'user99', '', '7c4a8d09ca3762af61e59520943dc26494f8941b', 0, 1, '', 1561388944),
(201, 'user100', '', '7c4a8d09ca3762af61e59520943dc26494f8941b', 0, 1, '', 1561388944),
(202, 'admin', '', '55285e5a32519431b408de651aa7a47c41369b15', 1, 1, '', 1561388944);

--
-- Indexes for dumped tables
--

--
-- Indexes for table `authorbooktbl`
--
ALTER TABLE `authorbooktbl`
  ADD PRIMARY KEY (`authorbook_id`),
  ADD KEY `book_id` (`book_id`),
  ADD KEY `author_id` (`author_id`);

--
-- Indexes for table `authortbl`
--
ALTER TABLE `authortbl`
  ADD PRIMARY KEY (`author_id`);

--
-- Indexes for table `booktbl`
--
ALTER TABLE `booktbl`
  ADD PRIMARY KEY (`book_id`),
  ADD KEY `section_id` (`section_id`);

--
-- Indexes for table `itembooktbl`
--
ALTER TABLE `itembooktbl`
  ADD PRIMARY KEY (`itembook_id`),
  ADD KEY `book_id` (`book_id`);

--
-- Indexes for table `logtbl`
--
ALTER TABLE `logtbl`
  ADD PRIMARY KEY (`log_id`),
  ADD KEY `user_id` (`user_id`);

--
-- Indexes for table `penaltytbl`
--
ALTER TABLE `penaltytbl`
  ADD PRIMARY KEY (`penalty_id`);

--
-- Indexes for table `sectiontbl`
--
ALTER TABLE `sectiontbl`
  ADD PRIMARY KEY (`section_id`);

--
-- Indexes for table `transactiontbl`
--
ALTER TABLE `transactiontbl`
  ADD PRIMARY KEY (`transaction_id`),
  ADD KEY `itembook_id` (`itembook_id`),
  ADD KEY `user_id` (`user_id`);

--
-- Indexes for table `usertbl`
--
ALTER TABLE `usertbl`
  ADD PRIMARY KEY (`user_id`);

--
-- AUTO_INCREMENT for dumped tables
--

--
-- AUTO_INCREMENT for table `authorbooktbl`
--
ALTER TABLE `authorbooktbl`
  MODIFY `authorbook_id` int(11) NOT NULL AUTO_INCREMENT, AUTO_INCREMENT=401;

--
-- AUTO_INCREMENT for table `authortbl`
--
ALTER TABLE `authortbl`
  MODIFY `author_id` int(11) NOT NULL AUTO_INCREMENT, AUTO_INCREMENT=201;

--
-- AUTO_INCREMENT for table `booktbl`
--
ALTER TABLE `booktbl`
  MODIFY `book_id` int(11) NOT NULL AUTO_INCREMENT, AUTO_INCREMENT=201;

--
-- AUTO_INCREMENT for table `itembooktbl`
--
ALTER TABLE `itembooktbl`
  MODIFY `itembook_id` int(11) NOT NULL AUTO_INCREMENT, AUTO_INCREMENT=801;

--
-- AUTO_INCREMENT for table `logtbl`
--
ALTER TABLE `logtbl`
  MODIFY `log_id` int(11) NOT NULL AUTO_INCREMENT;

--
-- AUTO_INCREMENT for table `penaltytbl`
--
ALTER TABLE `penaltytbl`
  MODIFY `penalty_id` int(11) NOT NULL AUTO_INCREMENT, AUTO_INCREMENT=2;

--
-- AUTO_INCREMENT for table `sectiontbl`
--
ALTER TABLE `sectiontbl`
  MODIFY `section_id` int(11) NOT NULL AUTO_INCREMENT, AUTO_INCREMENT=31;

--
-- AUTO_INCREMENT for table `transactiontbl`
--
ALTER TABLE `transactiontbl`
  MODIFY `transaction_id` int(11) NOT NULL AUTO_INCREMENT, AUTO_INCREMENT=201;

--
-- AUTO_INCREMENT for table `usertbl`
--
ALTER TABLE `usertbl`
  MODIFY `user_id` int(11) NOT NULL AUTO_INCREMENT, AUTO_INCREMENT=203;
COMMIT;

/*!40101 SET CHARACTER_SET_CLIENT=@OLD_CHARACTER_SET_CLIENT */;
/*!40101 SET CHARACTER_SET_RESULTS=@OLD_CHARACTER_SET_RESULTS */;
/*!40101 SET COLLATION_CONNECTION=@OLD_COLLATION_CONNECTION */;
